id,lock_version,json_schema_version,repo_id,"digital_object_id","title",level_id,digital_object_type_id,language_id,publish,restrictions,system_generated,"created_by","last_modified_by","create_time","system_mtime","user_mtime",suppressed
2,3,1,3,"dao-test","dao",NULL,NULL,NULL,1,0,0,"admin","admin","2016-01-20 14:28:51","2017-07-13 22:14:18","2016-01-20 14:39:07",0
3,1,1,3,"xyc","dao-internal",NULL,NULL,NULL,0,0,0,"admin","admin","2016-01-20 14:44:49","2017-07-13 22:14:18","2016-01-20 14:44:49",0
4,1,1,3,"abc","dao-universal",NULL,NULL,NULL,1,0,0,"admin","admin","2016-01-20 14:45:08","2017-07-13 22:14:18","2016-01-20 14:45:08",0
5,1,1,2,"i","t",NULL,NULL,NULL,1,0,0,"admin","admin","2016-02-02 16:45:36","2017-07-13 22:14:18","2016-02-02 16:47:51",0
6,1,1,2,"Preservica Identifier (had been in external document)","(no period here, though) Whatever Preservica calls it",NULL,NULL,NULL,0,0,0,"admin","admin","2016-02-02 16:46:28","2017-07-13 22:14:18","2017-04-10 15:16:32",0
7,0,1,2,"do id","do title",NULL,NULL,NULL,0,0,0,"admin","admin","2016-02-03 21:02:18","2017-07-13 22:14:18","2016-02-03 21:02:18",0
8,0,1,2,"note on do","note on do",NULL,NULL,NULL,0,0,0,"admin","admin","2016-02-03 21:04:06","2017-07-13 22:14:18","2016-02-03 21:04:06",0
9,3,1,2,"c332a9b9-61f5-40b8-b738-ea6e16cf7f9f","Watercolor of Brassie fly nymph (fishing fly0",NULL,NULL,NULL,0,0,0,"admin","admin","2016-02-10 13:38:59","2017-07-13 22:14:18","2016-02-10 13:38:59",0
10,4,1,2,"8bc6d86f-98ab-49db-b485-f3fa10aec026","Letter from Julia Child to Jedediah Horcrux Congreave",NULL,NULL,NULL,0,0,0,"admin","admin","2016-02-10 13:38:59","2017-07-13 22:14:18","2016-02-10 13:38:59",0
12,1,1,2,"45418428-2bb8-4ca2-8521-d32768a7657a","DO.Title-AT",NULL,NULL,NULL,0,0,0,"admin","admin","2016-02-11 16:07:47","2017-07-13 22:14:18","2016-02-11 16:07:47",0
13,1,1,2,"a5531e0d-8284-4118-87a9-534d7cb62c5a","DO.Title-AT",NULL,NULL,NULL,0,0,0,"admin","admin","2016-02-11 16:07:47","2017-07-13 22:14:18","2016-02-11 16:07:47",0
14,1,1,2,"6c59f974-420c-451b-824d-a50382c2cc02","DO.Title-AT",NULL,NULL,NULL,0,0,0,"admin","admin","2016-02-11 16:07:47","2017-07-13 22:14:18","2016-02-11 16:07:47",0
15,2,1,2,"0908ac72-5e38-4045-9abb-917e0da87c4a","DO.Child1Title-AT",NULL,NULL,NULL,1,0,0,"admin","admin","2016-02-11 16:07:47","2017-07-13 22:14:18","2016-02-11 16:07:47",0
16,1,1,2,"8913d1e1-eb68-45e7-9187-ac203d4b3832","DO.Child1Title-AT",NULL,NULL,NULL,0,0,0,"admin","admin","2016-02-11 16:07:47","2017-07-13 22:14:18","2016-02-11 16:07:47",0
17,1,1,2,"a389ae79-c340-4fdc-bee7-20fc80589553","DO.Child1Title-AT",NULL,NULL,NULL,0,0,0,"admin","admin","2016-02-11 16:07:47","2017-07-13 22:14:18","2016-02-11 16:07:47",0
18,1,1,2,"604eca99-7b24-4f0f-b3c4-c36e8d217972","DO.Child2Title-AT",NULL,NULL,NULL,0,0,0,"admin","admin","2016-02-11 16:07:47","2017-07-13 22:14:18","2016-02-11 16:07:47",0
19,9,1,2,"0c86e5f3-76dd-403d-841b-c7fe34695ac4","DO.Child2Title-AT",NULL,NULL,NULL,0,0,0,"admin","admin","2016-02-11 16:07:47","2017-07-13 22:14:18","2016-02-11 16:07:47",0
20,1,1,2,"d239436c-8351-4956-ae34-4e42b0c922e4","DO.Child2Title-AT",NULL,NULL,NULL,0,0,0,"admin","admin","2016-02-11 16:07:47","2017-07-13 22:14:18","2016-02-11 16:07:47",0
21,1,1,2,"3b2de94f-fb40-428d-8fcd-13d29f9c213a","DO.Child2-1Title-AT",NULL,NULL,NULL,0,0,0,"admin","admin","2016-02-11 16:07:47","2017-07-13 22:14:18","2016-02-11 16:07:47",0
22,3,1,2,"903e3889-aed1-42da-b491-a3dda8805073","DO.Child2-1Title-AT-see image",NULL,NULL,NULL,1,0,0,"admin","admin","2016-02-11 16:07:47","2017-07-13 22:14:18","2017-02-08 14:42:37",0
23,1,1,2,"421c287c-7c5d-4148-b15c-6cb0f82fcdf3","DO.Child2-1Title-AT",NULL,NULL,NULL,0,0,0,"admin","admin","2016-02-11 16:07:47","2017-07-13 22:14:18","2016-02-11 16:07:47",0
24,7,1,2,"XX-3","Digital object",NULL,NULL,876,1,0,0,"admin","admin","2016-03-03 20:18:34","2017-07-13 22:14:18","2016-03-03 20:18:34",0
25,7,1,2,"XX-4","Another DO",NULL,NULL,NULL,0,0,0,"admin","admin","2016-03-03 20:26:18","2017-07-13 22:14:18","2016-03-31 12:44:06",0
26,1,1,2,"c838f550-1077-4835-9bcd-4687b206de8a","Watercolor of Brassie fly nymph (fishing fly0",NULL,NULL,NULL,0,0,0,"admin","admin","2016-04-12 12:50:54","2017-07-13 22:14:18","2016-04-12 12:50:54",0
27,3,1,2,"454c681e-e162-49cf-beaf-49586ee22ab4","Letter from Julia Child to Jedediah Horcrux Congreave",NULL,NULL,NULL,0,0,0,"admin","admin","2016-04-12 12:50:54","2017-07-13 22:14:18","2016-04-12 12:50:54",0
28,2,1,2,"5ac1217c-c6bf-4f72-9ba5-7c2931bb8915","Telegram with associated correspondence materials from Jedediah Horcrux Congreave to B.F. Skinner",NULL,NULL,NULL,0,0,0,"admin","admin","2016-04-12 12:50:54","2017-07-13 22:14:18","2016-04-12 12:50:54",0
41,4,1,2,"a8ef4988-2f12-4379-9ab3-1b0d56277fac","Watercolor of Brassie fly nymph (fishing fly0",NULL,NULL,NULL,0,0,0,"admin","admin","2016-04-12 13:40:00","2017-07-13 22:14:18","2016-04-12 13:40:00",0
42,3,1,2,"1c4e4259-0e0f-4ef2-bc1c-ea07fd9291bb","Letter from Julia Child to Jedediah Horcrux Congreave",NULL,NULL,NULL,1,0,0,"admin","admin","2016-04-12 13:40:00","2017-07-13 22:14:18","2016-10-03 15:09:00",0
43,2,1,2,"aa786665-7676-4c56-80f6-0badc501b5eb","Telegram with associated correspondence materials from Jedediah Horcrux Congreave to B.F. Skinner",NULL,NULL,NULL,0,0,0,"admin","admin","2016-04-12 13:40:00","2017-07-13 22:14:18","2016-04-12 13:40:00",0
44,1,1,2,"f7b429d4-bf4e-447e-aea6-3c0431d302d4","Data Processing Tools",NULL,NULL,NULL,0,0,0,"admin","admin","2016-05-13 18:31:33","2017-07-13 22:14:18","2016-05-13 18:31:33",0
45,1,1,2,"c9263a66-4f8a-4b1a-9fdb-a430132f6f44","Initial conditions for simulation",NULL,NULL,NULL,0,0,0,"admin","admin","2016-05-13 18:31:33","2017-07-13 22:14:18","2016-05-13 18:31:33",0
46,1,1,2,"417cc094-1ce0-419e-b39e-933fe236434c","Data at Redshift=3.0 (RD0009)",NULL,NULL,NULL,0,0,0,"admin","admin","2016-05-13 18:31:33","2017-07-13 22:14:18","2016-05-13 18:31:33",0
47,1,1,2,"f4e6552c-3566-47f1-b474-1cf958cd5e12","Data at Redshift=2.75 (RD0010)",NULL,NULL,NULL,0,0,0,"admin","admin","2016-05-13 18:31:33","2017-07-13 22:14:18","2016-05-13 18:31:33",0
48,1,1,2,"4508bce0-9543-44c3-adc2-827f81735172","Data at Redshift=2.5 (RD0011)",NULL,NULL,NULL,0,0,0,"admin","admin","2016-05-13 18:31:33","2017-07-13 22:14:18","2016-05-13 18:31:33",0
49,1,1,2,"b7d262d6-8e94-46a7-9b79-497fa2d5b831","Data at Redshift=2.4 (RD0012)",NULL,NULL,NULL,0,0,0,"admin","admin","2016-05-13 18:31:33","2017-07-13 22:14:18","2016-05-13 18:31:33",0
50,1,1,2,"781d138e-b13d-4df1-9489-cdcfbbdd33e9","Data at Redshift=2.3 (RD0013)",NULL,NULL,NULL,0,0,0,"admin","admin","2016-05-13 18:31:34","2017-07-13 22:14:18","2016-05-13 18:31:34",0
51,1,1,2,"ea125283-1edf-4863-a168-9cd6cb328d12","Data at Redshift=2.2 (RD0014)",NULL,NULL,NULL,0,0,0,"admin","admin","2016-05-13 18:31:34","2017-07-13 22:14:18","2016-05-13 18:31:34",0
52,1,1,2,"aa00bbe1-7a82-45c1-a9c9-e34a7fe1c707","Data at Redshift=2.1 (RD0015)",NULL,NULL,NULL,0,0,0,"admin","admin","2016-05-13 18:31:34","2017-07-13 22:14:18","2016-05-13 18:31:34",0
53,1,1,2,"71df8e35-f27d-4992-a0f2-e5e52116486b","Data at Redshift=2.0 (RD0016)",NULL,NULL,NULL,0,0,0,"admin","admin","2016-05-13 18:31:34","2017-07-13 22:14:18","2016-05-13 18:31:34",0
54,2,1,2,"1b5328bf-e862-4cfe-b213-1411cabdbd4c","Data at Redshift=1.9 (RD0017)",NULL,NULL,NULL,0,0,0,"admin","admin","2016-05-13 18:31:34","2017-07-13 22:14:18","2016-09-14 19:09:30",0
55,1,1,2,"3b8cdf24-9462-4f9e-96b6-2f9fa46bb85a","Data at Redshift=1.8 (RD0018)",NULL,NULL,NULL,0,0,0,"admin","admin","2016-05-13 18:31:34","2017-07-13 22:14:18","2016-05-13 18:31:34",0
56,1,1,2,"b8d2f60e-d6db-4e2e-97c8-0f967a62fa6e","Data at Redshift=1.7 (RD0019)",NULL,NULL,NULL,0,0,0,"admin","admin","2016-05-13 18:31:34","2017-07-13 22:14:18","2016-05-13 18:31:34",0
57,1,1,2,"54dc4809-5d1a-4318-a537-b78e1d438c50","Data at Redshift=1.6 (RD0020)",NULL,NULL,NULL,0,0,0,"admin","admin","2016-05-13 18:31:34","2017-07-13 22:14:18","2016-05-13 18:31:34",0
58,2,1,2,"94a480bb-7b64-4516-bc54-9d2c569c59eb","Data at Redshift=1.5 (RD0021)",270,260,NULL,0,0,0,"admin","admin","2016-05-13 18:31:34","2017-07-13 22:14:18","2017-02-09 02:37:54",0
59,3,1,2,"2283cfaf-a9cf-44ea-bc10-129e49770508","Data at Redshift=1.4 (RD0022)",NULL,NULL,NULL,0,0,0,"admin","admin","2016-05-13 18:31:34","2017-07-13 22:14:18","2016-09-14 19:11:36",0
60,3,1,2,"06025830-0d1c-476c-b04a-fc747c701a39","Data at Redshift=1.3 (RD0023)",NULL,NULL,NULL,0,0,0,"admin","admin","2016-05-13 18:31:34","2017-07-13 22:14:18","2016-05-13 18:31:34",0
61,1,1,2,"452657db-b7e1-49c6-be46-63df1a674165","Data at Redshift=1.2 (RD0024)",NULL,NULL,NULL,0,0,0,"admin","admin","2016-05-13 18:31:34","2017-07-13 22:14:18","2016-05-13 18:31:34",0
62,1,1,2,"7b2619dd-cf8e-4719-9b0d-27a36f57faab","Data at Redshift=1.1 (RD0025)",NULL,NULL,NULL,0,0,0,"admin","admin","2016-05-13 18:31:34","2017-07-13 22:14:18","2016-05-13 18:31:34",0
63,1,1,2,"f322c809-3294-47b9-977d-b035a089f8f4","Data at Redshift=1.0 (RD0026)",NULL,NULL,NULL,0,0,0,"admin","admin","2016-05-13 18:31:34","2017-07-13 22:14:18","2016-05-13 18:31:34",0
64,3,1,2,"1e435b24-085b-41c2-a840-7905607523af","Data at Redshift=0.9 (RD0027)",NULL,NULL,NULL,0,0,0,"admin","admin","2016-05-13 18:31:34","2017-07-13 22:14:18","2016-07-05 15:49:58",0
65,1,1,2,"698e72a5-27af-4d87-b2a8-4d1e12113d3d","Data at Redshift=0.8 (RD0028)",NULL,NULL,NULL,0,0,0,"admin","admin","2016-05-13 18:31:34","2017-07-13 22:14:18","2016-05-13 18:31:34",0
66,2,1,2,"99d046df-8fc2-407c-a175-0e3d3ee206a5","Data at Redshift=0.7 (RD0029)",NULL,NULL,NULL,0,0,0,"admin","admin","2016-05-13 18:31:34","2017-07-13 22:14:18","2017-03-07 20:29:43",0
67,1,1,2,"a48ae5ec-d8ba-49c6-b338-a76d070c3be6","Data at Redshift=0.6 (RD0030)",NULL,NULL,NULL,0,0,0,"admin","admin","2016-05-13 18:31:34","2017-07-13 22:14:18","2016-05-13 18:31:34",0
68,7,1,2,"00be2fbf-6737-4c9f-a681-4b8c51b3e268","Data at Redshift=0.5 (RD0031)",NULL,NULL,NULL,1,0,0,"admin","admin","2016-05-13 18:31:34","2017-07-13 22:14:18","2017-01-17 00:26:05",0
69,1,1,2,"5d99e91e-9685-4ca1-9051-4fbdd2c5e424","Data at Redshift=0.4 (RD0032)",NULL,NULL,NULL,0,0,0,"admin","admin","2016-05-13 18:31:34","2017-07-13 22:14:18","2016-05-13 18:31:34",0
70,1,1,2,"d2dca631-d66e-4973-9233-547e524f92b6","Data at Redshift=0.3 (RD0033)",NULL,NULL,NULL,0,0,0,"admin","admin","2016-05-13 18:31:34","2017-07-13 22:14:18","2016-05-13 18:31:34",0
71,1,1,2,"7c97d990-d198-41c7-b527-635a9e238b99","Data at Redshift=0.2 (RD0034)",NULL,NULL,NULL,0,0,0,"admin","admin","2016-05-13 18:31:34","2017-07-13 22:14:18","2016-05-13 18:31:34",0
72,1,1,2,"345e1be8-b8ad-49ba-9ce0-2cd03fa28778","Data at Redshift=0.1 (RD0035)",NULL,NULL,NULL,0,0,0,"admin","admin","2016-05-13 18:31:34","2017-07-13 22:14:18","2016-05-13 18:31:34",0
73,1,1,2,"2555c80b-c3d0-4b33-9278-fc66747729b7","Data at Redshift=0.0 (RD0036)",NULL,NULL,NULL,0,0,0,"admin","admin","2016-05-13 18:31:34","2017-07-13 22:14:18","2016-05-13 18:31:34",0
74,1,1,2,"cd275a31-9735-4d65-ae4c-f16338ef1652","Lawrence Livermore National Laboratory - University of California, San Diego Scientific Data Management",NULL,NULL,NULL,0,0,0,"admin","admin","2016-05-13 18:31:34","2017-07-13 22:14:18","2016-05-13 18:31:34",0
75,1,1,2,"d24b2e9a-4f27-4695-83d6-35ae6b9eaa90","LUSciD Cosmology: The Cosmic Simulator",NULL,NULL,NULL,0,0,0,"admin","admin","2016-05-13 18:31:34","2017-07-13 22:14:18","2016-05-13 18:31:34",0
76,1,1,2,"ac22c1d5-f84f-47a2-bf5a-37b183da9534","LLNL-UCSD Scientific data management status report",NULL,NULL,NULL,0,0,0,"admin","admin","2016-05-13 18:31:34","2017-07-13 22:14:18","2016-05-13 18:31:34",0
77,1,1,2,"fe131fc5-254f-4d6c-b7e6-8c0a076c6759","Lawrence Livermore National Laboratory - University of California, San Diego Scientific Data Management Collaboration. Year 1 Progress Report",NULL,NULL,NULL,0,0,0,"admin","admin","2016-05-13 18:31:34","2017-07-13 22:14:18","2016-05-13 18:31:34",0
78,1,1,2,"5eac3fc7-1ef7-498c-83f5-3735e7ae237c","LUSciD Cosmology Status Report, 1Q2007 (first quarter)",NULL,NULL,NULL,0,0,0,"admin","admin","2016-05-13 18:31:34","2017-07-13 22:14:18","2016-05-13 18:31:34",0
79,1,1,2,"5e55a3f4-d5c7-45cf-a24e-f58c2cc45015","LUSciD Cosmology Status Report, 3Q2007 (third quarter)",NULL,NULL,NULL,0,0,0,"admin","admin","2016-05-13 18:31:34","2017-07-13 22:14:18","2016-05-13 18:31:34",0
80,3,1,2,"9d79a36b-aa7f-46f8-b312-16ccf0ca7a90","Institute for Scientific Computing Research Annual Report, Fiscal Year 2007. Livermore--UC San Diego Scientific Data Collaboration.",NULL,NULL,NULL,0,0,0,"admin","admin","2016-05-13 18:31:35","2017-07-13 22:14:18","2016-05-13 18:31:35",0
81,1,1,2,"7e322691-70be-428f-a5c4-562a458f8fd3","Projects in Astrophysical and Cosmological Structure Formation.",NULL,NULL,NULL,0,0,0,"admin","admin","2016-05-13 18:31:35","2017-07-13 22:14:18","2016-05-13 18:31:35",0
82,1,1,2,"fd1d9fe5-3aae-457e-a839-bc4cfc28d4b3","NRAC 2008 Proposal",NULL,NULL,NULL,0,0,0,"admin","admin","2016-05-13 18:31:35","2017-07-13 22:14:18","2016-05-13 18:31:35",0
83,1,1,5,"64a46689-70c3-4ed1-af2d-16777745ec51","Data Processing Tools",NULL,NULL,NULL,0,0,0,"admin","admin","2016-05-13 18:33:21","2017-07-13 22:14:18","2016-05-13 18:33:21",0
84,1,1,5,"9e4e2593-c18b-453d-89b7-64f2d74cec63","Initial conditions for simulation",NULL,NULL,NULL,0,0,0,"admin","admin","2016-05-13 18:33:21","2017-07-13 22:14:18","2016-05-13 18:33:21",0
85,1,1,5,"05495aeb-0b79-4abb-8c73-04ae6c81200f","Data at Redshift=3.0 (RD0009)",NULL,NULL,NULL,0,0,0,"admin","admin","2016-05-13 18:33:21","2017-07-13 22:14:18","2016-05-13 18:33:21",0
86,1,1,5,"5ea773e0-47ee-4f06-9160-bc1a01dc8bdd","Data at Redshift=2.75 (RD0010)",NULL,NULL,NULL,0,0,0,"admin","admin","2016-05-13 18:33:21","2017-07-13 22:14:18","2016-05-13 18:33:21",0
87,1,1,5,"34f2dd3d-6f6a-4359-9777-18b9b7475dd9","Data at Redshift=2.5 (RD0011)",NULL,NULL,NULL,0,0,0,"admin","admin","2016-05-13 18:33:21","2017-07-13 22:14:18","2016-05-13 18:33:21",0
88,1,1,5,"0868ef29-ec37-4720-92d3-2888d3df6afe","Data at Redshift=2.4 (RD0012)",NULL,NULL,NULL,0,0,0,"admin","admin","2016-05-13 18:33:21","2017-07-13 22:14:18","2016-05-13 18:33:21",0
89,1,1,5,"8efad596-9b2c-445a-aa38-b39fe20b62d2","Data at Redshift=2.3 (RD0013)",NULL,NULL,NULL,0,0,0,"admin","admin","2016-05-13 18:33:21","2017-07-13 22:14:18","2016-05-13 18:33:21",0
90,1,1,5,"ab264dee-597b-48dc-9cdb-3d0de81e1e5f","Data at Redshift=2.2 (RD0014)",NULL,NULL,NULL,0,0,0,"admin","admin","2016-05-13 18:33:21","2017-07-13 22:14:18","2016-05-13 18:33:21",0
91,1,1,5,"f5f9ff18-dd89-4036-8a25-f7aec2ba3ff1","Data at Redshift=2.1 (RD0015)",NULL,NULL,NULL,0,0,0,"admin","admin","2016-05-13 18:33:21","2017-07-13 22:14:18","2016-05-13 18:33:21",0
92,1,1,5,"d6fdde46-7deb-4028-92b7-57a8b289a622","Data at Redshift=2.0 (RD0016)",NULL,NULL,NULL,0,0,0,"admin","admin","2016-05-13 18:33:21","2017-07-13 22:14:18","2016-05-13 18:33:21",0
93,1,1,5,"579d2d49-7ff0-4376-8c23-e7a23e055dc5","Data at Redshift=1.9 (RD0017)",NULL,NULL,NULL,0,0,0,"admin","admin","2016-05-13 18:33:21","2017-07-13 22:14:18","2016-05-13 18:33:21",0
94,1,1,5,"ace92386-be2b-473c-a26a-8fd8d6424bf1","Data at Redshift=1.8 (RD0018)",NULL,NULL,NULL,0,0,0,"admin","admin","2016-05-13 18:33:21","2017-07-13 22:14:18","2016-05-13 18:33:21",0
95,1,1,5,"f0216343-a500-4565-8a42-7c528d0c9acc","Data at Redshift=1.7 (RD0019)",NULL,NULL,NULL,0,0,0,"admin","admin","2016-05-13 18:33:21","2017-07-13 22:14:18","2016-05-13 18:33:21",0
96,1,1,5,"134da9ad-fec4-4d3c-94c5-f7fb1e40c827","Data at Redshift=1.6 (RD0020)",NULL,NULL,NULL,0,0,0,"admin","admin","2016-05-13 18:33:21","2017-07-13 22:14:18","2016-05-13 18:33:21",0
97,1,1,5,"6c418d00-bfdc-4718-9c54-2a06e2e5c134","Data at Redshift=1.5 (RD0021)",NULL,NULL,NULL,0,0,0,"admin","admin","2016-05-13 18:33:21","2017-07-13 22:14:18","2016-05-13 18:33:21",0
98,1,1,5,"0a3afdf8-ce61-4dc4-825e-8e68e9029e99","Data at Redshift=1.4 (RD0022)",NULL,NULL,NULL,0,0,0,"admin","admin","2016-05-13 18:33:21","2017-07-13 22:14:18","2016-05-13 18:33:21",0
99,1,1,5,"51a980a7-7324-43cf-8a42-4f45774ae9db","Data at Redshift=1.3 (RD0023)",NULL,NULL,NULL,0,0,0,"admin","admin","2016-05-13 18:33:21","2017-07-13 22:14:18","2016-05-13 18:33:21",0
100,1,1,5,"2d038190-61a3-403a-80b1-07fb7769d607","Data at Redshift=1.2 (RD0024)",NULL,NULL,NULL,0,0,0,"admin","admin","2016-05-13 18:33:21","2017-07-13 22:14:18","2016-05-13 18:33:21",0
101,1,1,5,"5ec56d14-9360-4b8f-9270-fd4e688dfea7","Data at Redshift=1.1 (RD0025)",NULL,NULL,NULL,0,0,0,"admin","admin","2016-05-13 18:33:21","2017-07-13 22:14:18","2016-05-13 18:33:21",0
102,1,1,5,"6dddc79a-a1f9-4f51-b2e3-a8b2f5f985c9","Data at Redshift=1.0 (RD0026)",NULL,NULL,NULL,0,0,0,"admin","admin","2016-05-13 18:33:21","2017-07-13 22:14:18","2016-05-13 18:33:21",0
103,1,1,5,"5447864c-2d5a-4522-a2c5-34dbccd424b7","Data at Redshift=0.9 (RD0027)",NULL,NULL,NULL,0,0,0,"admin","admin","2016-05-13 18:33:22","2017-07-13 22:14:18","2016-05-13 18:33:22",0
104,1,1,5,"70e0a562-d5ad-4a35-8f76-9603bd831db4","Data at Redshift=0.8 (RD0028)",NULL,NULL,NULL,0,0,0,"admin","admin","2016-05-13 18:33:22","2017-07-13 22:14:18","2016-05-13 18:33:22",0
105,1,1,5,"a310ea79-1737-4eef-89ee-6b88c0b0cd5e","Data at Redshift=0.7 (RD0029)",NULL,NULL,NULL,0,0,0,"admin","admin","2016-05-13 18:33:22","2017-07-13 22:14:18","2016-05-13 18:33:22",0
106,1,1,5,"10bcc228-7373-4e37-82da-e2fef73f546d","Data at Redshift=0.6 (RD0030)",NULL,NULL,NULL,0,0,0,"admin","admin","2016-05-13 18:33:22","2017-07-13 22:14:18","2016-05-13 18:33:22",0
107,1,1,5,"6101cde8-9298-41b7-b372-5987f39ea027","Data at Redshift=0.5 (RD0031)",NULL,NULL,NULL,0,0,0,"admin","admin","2016-05-13 18:33:22","2017-07-13 22:14:18","2016-05-13 18:33:22",0
108,1,1,5,"37908cea-ea2d-41e7-a4cf-fb598e3176d0","Data at Redshift=0.4 (RD0032)",NULL,NULL,NULL,0,0,0,"admin","admin","2016-05-13 18:33:22","2017-07-13 22:14:18","2016-05-13 18:33:22",0
109,1,1,5,"cb566dee-b60f-455f-93e0-c99a44b83ecf","Data at Redshift=0.3 (RD0033)",NULL,NULL,NULL,0,0,0,"admin","admin","2016-05-13 18:33:22","2017-07-13 22:14:18","2016-05-13 18:33:22",0
110,1,1,5,"8d7b110c-4833-435a-9cbd-0d7e0022ce95","Data at Redshift=0.2 (RD0034)",NULL,NULL,NULL,0,0,0,"admin","admin","2016-05-13 18:33:22","2017-07-13 22:14:18","2016-05-13 18:33:22",0
111,1,1,5,"62bde7f0-d9c8-4ab2-bb4f-d860e3f94f08","Data at Redshift=0.1 (RD0035)",NULL,NULL,NULL,0,0,0,"admin","admin","2016-05-13 18:33:22","2017-07-13 22:14:18","2016-05-13 18:33:22",0
112,1,1,5,"d6a465a7-2cf2-4f0f-845b-a55cd51a529b","Data at Redshift=0.0 (RD0036)",NULL,NULL,NULL,0,0,0,"admin","admin","2016-05-13 18:33:22","2017-07-13 22:14:18","2016-05-13 18:33:22",0
113,1,1,5,"99e2be14-9fe5-4129-bc0a-ca6d75c71454","Lawrence Livermore National Laboratory - University of California, San Diego Scientific Data Management",NULL,NULL,NULL,0,0,0,"admin","admin","2016-05-13 18:33:22","2017-07-13 22:14:18","2016-05-13 18:33:22",0
114,1,1,5,"229ba81f-ad7d-4187-8d9c-f58517521747","LUSciD Cosmology: The Cosmic Simulator",NULL,NULL,NULL,0,0,0,"admin","admin","2016-05-13 18:33:22","2017-07-13 22:14:18","2016-05-13 18:33:22",0
115,1,1,5,"60dbe5a3-be03-47d6-bac2-a8c5679441fc","LLNL-UCSD Scientific data management status report",NULL,NULL,NULL,0,0,0,"admin","admin","2016-05-13 18:33:22","2017-07-13 22:14:18","2016-05-13 18:33:22",0
116,1,1,5,"011bcd70-ebc5-4d52-bc26-30e7e1bd71f0","Lawrence Livermore National Laboratory - University of California, San Diego Scientific Data Management Collaboration. Year 1 Progress Report",NULL,NULL,NULL,0,0,0,"admin","admin","2016-05-13 18:33:22","2017-07-13 22:14:18","2016-05-13 18:33:22",0
117,1,1,5,"a1a5a1ba-8561-41ca-94a9-f450d9436aba","LUSciD Cosmology Status Report, 1Q2007 (first quarter)",NULL,NULL,NULL,0,0,0,"admin","admin","2016-05-13 18:33:22","2017-07-13 22:14:18","2016-05-13 18:33:22",0
118,1,1,5,"c521af23-be03-46e4-9693-02aabbea87ca","LUSciD Cosmology Status Report, 3Q2007 (third quarter)",NULL,NULL,NULL,0,0,0,"admin","admin","2016-05-13 18:33:22","2017-07-13 22:14:18","2016-05-13 18:33:22",0
119,1,1,5,"78865592-0337-429c-a5e0-86555b7e324e","Institute for Scientific Computing Research Annual Report, Fiscal Year 2007. Livermore--UC San Diego Scientific Data Collaboration.",NULL,NULL,NULL,0,0,0,"admin","admin","2016-05-13 18:33:22","2017-07-13 22:14:18","2016-05-13 18:33:22",0
120,1,1,5,"91a0bf91-3de6-4965-a080-33f6640f5617","Projects in Astrophysical and Cosmological Structure Formation.",NULL,NULL,NULL,0,0,0,"admin","admin","2016-05-13 18:33:22","2017-07-13 22:14:18","2016-05-13 18:33:22",0
121,1,1,5,"1797058b-c911-4362-b72b-b9480b1db35f","NRAC 2008 Proposal",NULL,NULL,NULL,0,0,0,"admin","admin","2016-05-13 18:33:22","2017-07-13 22:14:18","2016-05-13 18:33:22",0
122,1,1,6,"8e551453-891a-48c2-943f-6f6a9828cc4a","Data Processing Tools",NULL,NULL,NULL,0,0,0,"admin","admin","2016-05-13 18:34:26","2017-07-13 22:14:18","2016-05-13 18:34:26",0
123,1,1,6,"c564b38f-1da9-48cf-bf4c-340dce29e84b","Initial conditions for simulation",NULL,NULL,NULL,0,0,0,"admin","admin","2016-05-13 18:34:26","2017-07-13 22:14:18","2016-05-13 18:34:26",0
124,1,1,6,"22101b3c-dfd5-41dd-a96e-d3ebd488ce4a","Data at Redshift=3.0 (RD0009)",NULL,NULL,NULL,0,0,0,"admin","admin","2016-05-13 18:34:26","2017-07-13 22:14:18","2016-05-13 18:34:26",0
125,1,1,6,"b3dde5a8-85e6-4f60-b53a-e5c35280f277","Data at Redshift=2.75 (RD0010)",NULL,NULL,NULL,0,0,0,"admin","admin","2016-05-13 18:34:26","2017-07-13 22:14:18","2016-05-13 18:34:26",0
126,1,1,6,"4e2f22df-2634-4d4c-9ea4-d7111b3ae385","Data at Redshift=2.5 (RD0011)",NULL,NULL,NULL,0,0,0,"admin","admin","2016-05-13 18:34:26","2017-07-13 22:14:18","2016-05-13 18:34:26",0
127,1,1,6,"2719e2aa-9488-4d89-8c65-676ec6570104","Data at Redshift=2.4 (RD0012)",NULL,NULL,NULL,0,0,0,"admin","admin","2016-05-13 18:34:26","2017-07-13 22:14:18","2016-05-13 18:34:26",0
128,1,1,6,"db30bdb8-450a-49e1-94eb-4c0c88cfcf81","Data at Redshift=2.3 (RD0013)",NULL,NULL,NULL,0,0,0,"admin","admin","2016-05-13 18:34:26","2017-07-13 22:14:18","2016-05-13 18:34:26",0
129,1,1,6,"68e768bd-9b37-4c0c-93e5-166eae396ec0","Data at Redshift=2.2 (RD0014)",NULL,NULL,NULL,0,0,0,"admin","admin","2016-05-13 18:34:26","2017-07-13 22:14:18","2016-05-13 18:34:26",0
130,1,1,6,"dc08e6b1-6bc4-4432-a86d-8937261ac8c7","Data at Redshift=2.1 (RD0015)",NULL,NULL,NULL,0,0,0,"admin","admin","2016-05-13 18:34:26","2017-07-13 22:14:18","2016-05-13 18:34:26",0
131,1,1,6,"8aa02198-6863-4da1-be53-3ecee82d32b7","Data at Redshift=2.0 (RD0016)",NULL,NULL,NULL,0,0,0,"admin","admin","2016-05-13 18:34:26","2017-07-13 22:14:18","2016-05-13 18:34:26",0
132,1,1,6,"b3cef052-7038-409e-9940-d8329b97e4e7","Data at Redshift=1.9 (RD0017)",NULL,NULL,NULL,0,0,0,"admin","admin","2016-05-13 18:34:26","2017-07-13 22:14:18","2016-05-13 18:34:26",0
133,1,1,6,"fa59b697-5c2f-48c0-a6dc-b2b49cb72fcc","Data at Redshift=1.8 (RD0018)",NULL,NULL,NULL,0,0,0,"admin","admin","2016-05-13 18:34:26","2017-07-13 22:14:18","2016-05-13 18:34:26",0
134,1,1,6,"e29d8de4-d753-4724-ae65-b95b20f7c50d","Data at Redshift=1.7 (RD0019)",NULL,NULL,NULL,0,0,0,"admin","admin","2016-05-13 18:34:26","2017-07-13 22:14:18","2016-05-13 18:34:26",0
135,1,1,6,"2e39b3ad-2d1b-4afb-9bed-1d9f699c8325","Data at Redshift=1.6 (RD0020)",NULL,NULL,NULL,0,0,0,"admin","admin","2016-05-13 18:34:26","2017-07-13 22:14:18","2016-05-13 18:34:26",0
136,1,1,6,"e941a94d-f2da-4306-b941-4b190e0e843a","Data at Redshift=1.5 (RD0021)",NULL,NULL,NULL,0,0,0,"admin","admin","2016-05-13 18:34:26","2017-07-13 22:14:18","2016-05-13 18:34:26",0
137,1,1,6,"f7065e36-717b-497b-b05c-088d5f4a16c5","Data at Redshift=1.4 (RD0022)",NULL,NULL,NULL,0,0,0,"admin","admin","2016-05-13 18:34:26","2017-07-13 22:14:18","2016-05-13 18:34:26",0
138,1,1,6,"ef93bb75-765f-4d2b-b06d-a37e437b7c34","Data at Redshift=1.3 (RD0023)",NULL,NULL,NULL,0,0,0,"admin","admin","2016-05-13 18:34:26","2017-07-13 22:14:18","2016-05-13 18:34:26",0
139,1,1,6,"ee768880-2516-4078-a29d-259529f36a09","Data at Redshift=1.2 (RD0024)",NULL,NULL,NULL,0,0,0,"admin","admin","2016-05-13 18:34:26","2017-07-13 22:14:18","2016-05-13 18:34:26",0
140,1,1,6,"4fe16d53-d05e-4681-a541-9d89ef928277","Data at Redshift=1.1 (RD0025)",NULL,NULL,NULL,0,0,0,"admin","admin","2016-05-13 18:34:26","2017-07-13 22:14:18","2016-05-13 18:34:26",0
141,1,1,6,"ed6e4b7c-e405-4757-b781-c9771b86e288","Data at Redshift=1.0 (RD0026)",NULL,NULL,NULL,0,0,0,"admin","admin","2016-05-13 18:34:26","2017-07-13 22:14:18","2016-05-13 18:34:26",0
142,1,1,6,"6d058e6c-214b-4eca-ae82-306280d82708","Data at Redshift=0.9 (RD0027)",NULL,NULL,NULL,0,0,0,"admin","admin","2016-05-13 18:34:26","2017-07-13 22:14:18","2016-05-13 18:34:26",0
143,1,1,6,"a15ecb90-d82c-4cda-af76-eeb773b06282","Data at Redshift=0.8 (RD0028)",NULL,NULL,NULL,0,0,0,"admin","admin","2016-05-13 18:34:26","2017-07-13 22:14:18","2016-05-13 18:34:26",0
144,1,1,6,"b2256c38-e919-4d18-a529-11470fc491b5","Data at Redshift=0.7 (RD0029)",NULL,NULL,NULL,0,0,0,"admin","admin","2016-05-13 18:34:27","2017-07-13 22:14:18","2016-05-13 18:34:27",0
145,1,1,6,"87eeea3a-a4cd-4f21-8af9-00811203d0c3","Data at Redshift=0.6 (RD0030)",NULL,NULL,NULL,0,0,0,"admin","admin","2016-05-13 18:34:27","2017-07-13 22:14:18","2016-05-13 18:34:27",0
146,1,1,6,"666c44a5-2b46-4783-9731-43dd2e36c2db","Data at Redshift=0.5 (RD0031)",NULL,NULL,NULL,0,0,0,"admin","admin","2016-05-13 18:34:27","2017-07-13 22:14:18","2016-05-13 18:34:27",0
147,1,1,6,"0d79dc77-8628-47a3-a2cf-507d076cca0e","Data at Redshift=0.4 (RD0032)",NULL,NULL,NULL,0,0,0,"admin","admin","2016-05-13 18:34:27","2017-07-13 22:14:18","2016-05-13 18:34:27",0
148,1,1,6,"f5ea750b-2ff5-44bb-a5a0-966455dfad0d","Data at Redshift=0.3 (RD0033)",NULL,NULL,NULL,0,0,0,"admin","admin","2016-05-13 18:34:27","2017-07-13 22:14:18","2016-05-13 18:34:27",0
149,1,1,6,"10568969-1f80-4a92-9f1b-6c6102a1b6d7","Data at Redshift=0.2 (RD0034)",NULL,NULL,NULL,0,0,0,"admin","admin","2016-05-13 18:34:27","2017-07-13 22:14:18","2016-05-13 18:34:27",0
150,1,1,6,"21dec8ac-b632-4769-8e18-736cefb2f851","Data at Redshift=0.1 (RD0035)",NULL,NULL,NULL,0,0,0,"admin","admin","2016-05-13 18:34:27","2017-07-13 22:14:18","2016-05-13 18:34:27",0
151,1,1,6,"5cad2cb5-07e4-4325-b0e4-ba8809a2751c","Data at Redshift=0.0 (RD0036)",NULL,NULL,NULL,0,0,0,"admin","admin","2016-05-13 18:34:27","2017-07-13 22:14:18","2016-05-13 18:34:27",0
152,1,1,6,"1ce0787c-6850-4b56-8ec9-609774731011","Lawrence Livermore National Laboratory - University of California, San Diego Scientific Data Management",NULL,NULL,NULL,0,0,0,"admin","admin","2016-05-13 18:34:27","2017-07-13 22:14:18","2016-05-13 18:34:27",0
153,1,1,6,"0ec89cb2-d57d-417d-a3c3-6aa2fb469960","LUSciD Cosmology: The Cosmic Simulator",NULL,NULL,NULL,0,0,0,"admin","admin","2016-05-13 18:34:27","2017-07-13 22:14:18","2016-05-13 18:34:27",0
154,1,1,6,"0ef9ab04-d25e-4903-8d92-ed88f4d8a1d8","LLNL-UCSD Scientific data management status report",NULL,NULL,NULL,0,0,0,"admin","admin","2016-05-13 18:34:27","2017-07-13 22:14:18","2016-05-13 18:34:27",0
155,1,1,6,"ad3f73ac-2400-4677-9db3-ea4a9d31ec25","Lawrence Livermore National Laboratory - University of California, San Diego Scientific Data Management Collaboration. Year 1 Progress Report",NULL,NULL,NULL,0,0,0,"admin","admin","2016-05-13 18:34:27","2017-07-13 22:14:18","2016-05-13 18:34:27",0
156,1,1,6,"f19dbc15-9e8b-4665-8849-b1be2337726e","LUSciD Cosmology Status Report, 1Q2007 (first quarter)",NULL,NULL,NULL,0,0,0,"admin","admin","2016-05-13 18:34:27","2017-07-13 22:14:18","2016-05-13 18:34:27",0
157,1,1,6,"cf501871-c2e4-4533-a265-035a543977cc","LUSciD Cosmology Status Report, 3Q2007 (third quarter)",NULL,NULL,NULL,0,0,0,"admin","admin","2016-05-13 18:34:27","2017-07-13 22:14:18","2016-05-13 18:34:27",0
158,1,1,6,"7fc2d9d8-cb5b-418a-841a-5ea01e0e1839","Institute for Scientific Computing Research Annual Report, Fiscal Year 2007. Livermore--UC San Diego Scientific Data Collaboration.",NULL,NULL,NULL,0,0,0,"admin","admin","2016-05-13 18:34:27","2017-07-13 22:14:18","2016-05-13 18:34:27",0
159,1,1,6,"27e76fff-07ff-401b-8cdd-e8bbdb705f86","Projects in Astrophysical and Cosmological Structure Formation.",NULL,NULL,NULL,0,0,0,"admin","admin","2016-05-13 18:34:27","2017-07-13 22:14:18","2016-05-13 18:34:27",0
160,1,1,6,"cce62992-49d4-4182-88d9-fbae3dbb1922","NRAC 2008 Proposal",NULL,NULL,NULL,0,0,0,"admin","admin","2016-05-13 18:34:27","2017-07-13 22:14:18","2016-05-13 18:34:27",0
161,0,1,2,"number 1","Digital Object",NULL,NULL,393,0,0,0,"admin","admin","2016-06-03 12:51:17","2017-07-13 22:14:18","2016-06-03 12:51:17",0
162,1,1,9,"1dig","digital object accompanying a container instance",NULL,NULL,NULL,0,0,0,"admin","admin","2016-06-30 13:00:17","2017-07-13 22:14:18","2016-06-30 13:00:17",0
163,7,1,10,"00be2fbf-6737-4c9f-a681-4b8c51b3e897","Amanita muscaria (Fly agaric)",NULL,NULL,NULL,1,0,0,"admin","admin","2016-07-05 12:55:32","2017-07-13 22:14:18","2016-07-05 12:55:32",0
164,6,1,10,"00be2fbf-6737-4c9f-a681-4b8c51b3e897-rep","Mycena interrupta (Pixie's parasol) - !!file version is representative!!",NULL,NULL,NULL,1,0,0,"admin","admin","2016-07-05 12:58:07","2017-07-13 22:14:18","2016-07-05 12:59:05",0
165,7,1,10,"OFEO-SG-PA684011-dorep","OFEO",NULL,NULL,NULL,1,0,0,"admin","admin","2016-07-05 13:00:14","2017-07-13 22:14:18","2016-07-05 13:31:54",0
166,0,1,2,"ABC-123","Simple digital object",NULL,NULL,NULL,0,0,0,"admin","admin","2016-07-12 20:36:42","2017-07-13 22:14:18","2016-07-12 20:36:42",0
167,1,1,2,"XYZ-123","Complex digital object",NULL,NULL,NULL,1,0,0,"admin","admin","2016-07-12 20:39:41","2017-07-13 22:14:18","2017-03-23 15:11:48",0
168,2,1,14,"1fe5cf03-d592-4fa5-907a-1d457f5e96a5","Data Processing Tools",NULL,NULL,NULL,0,0,0,"admin","admin","2016-07-13 20:57:51","2017-07-13 22:14:18","2016-07-13 20:57:51",0
169,1,1,14,"de3131b3-a0ed-4ce8-9950-df5bdf5f336c","Initial conditions for simulation",NULL,NULL,NULL,0,0,0,"admin","admin","2016-07-13 20:57:51","2017-07-13 22:14:18","2016-07-13 20:57:51",0
170,1,1,14,"8ec7f4e8-08b0-4e09-ac44-95cbcc115963","Data at Redshift=3.0 (RD0009)",NULL,NULL,NULL,0,0,0,"admin","admin","2016-07-13 20:57:51","2017-07-13 22:14:18","2016-07-13 20:57:51",0
171,2,1,14,"247405f5-2ee8-4e81-99c2-6b7fb7e055ec","Data at Redshift=2.75 (RD0010)",NULL,NULL,NULL,0,0,0,"admin","admin","2016-07-13 20:57:51","2017-07-13 22:14:18","2016-07-13 20:57:51",0
172,1,1,14,"7fb1dae0-4649-4407-b7c4-efbf1ae0cd5b","Data at Redshift=2.5 (RD0011)",NULL,NULL,NULL,0,0,0,"admin","admin","2016-07-13 20:57:51","2017-07-13 22:14:18","2016-07-13 20:57:51",0
173,1,1,14,"42bd450f-6c9f-47a4-ac41-f080cf9ec1fc","Data at Redshift=2.4 (RD0012)",NULL,NULL,NULL,0,0,0,"admin","admin","2016-07-13 20:57:51","2017-07-13 22:14:18","2016-07-13 20:57:51",0
174,1,1,14,"c08bf114-3820-492d-ba1b-f81968156e8e","Data at Redshift=2.3 (RD0013)",NULL,NULL,NULL,0,0,0,"admin","admin","2016-07-13 20:57:51","2017-07-13 22:14:18","2016-07-13 20:57:51",0
175,1,1,14,"1b49b0ca-7528-46ce-a0ae-e76cd995e1ca","Data at Redshift=2.2 (RD0014)",NULL,NULL,NULL,0,0,0,"admin","admin","2016-07-13 20:57:51","2017-07-13 22:14:18","2016-07-13 20:57:51",0
176,1,1,14,"60292103-db75-4b3b-8ee0-8d395d1816d0","Data at Redshift=2.1 (RD0015)",NULL,NULL,NULL,0,0,0,"admin","admin","2016-07-13 20:57:51","2017-07-13 22:14:18","2016-07-13 20:57:51",0
177,1,1,14,"a552013d-ee96-442c-9124-323d9c515ae9","Data at Redshift=2.0 (RD0016)",NULL,NULL,NULL,0,0,0,"admin","admin","2016-07-13 20:57:51","2017-07-13 22:14:18","2016-07-13 20:57:51",0
178,1,1,14,"cd5415dc-abba-4111-a0bc-f1617f60e28e","Data at Redshift=1.9 (RD0017)",NULL,NULL,NULL,0,0,0,"admin","admin","2016-07-13 20:57:51","2017-07-13 22:14:18","2016-07-13 20:57:51",0
179,1,1,14,"e2206b30-a3be-4da4-91c7-e039f52ff50a","Data at Redshift=1.8 (RD0018)",NULL,NULL,NULL,0,0,0,"admin","admin","2016-07-13 20:57:52","2017-07-13 22:14:18","2016-07-13 20:57:52",0
180,1,1,14,"70f2a25c-7128-4530-8fcf-e03c05281cdb","Data at Redshift=1.7 (RD0019)",NULL,NULL,NULL,0,0,0,"admin","admin","2016-07-13 20:57:52","2017-07-13 22:14:18","2016-07-13 20:57:52",0
181,1,1,14,"aa482af6-5d49-49ce-b2c6-085a8b92fe2c","Data at Redshift=1.6 (RD0020)",NULL,NULL,NULL,0,0,0,"admin","admin","2016-07-13 20:57:52","2017-07-13 22:14:18","2016-07-13 20:57:52",0
182,1,1,14,"65815909-77c9-4afc-a37f-2f1d20a9738f","Data at Redshift=1.5 (RD0021)",NULL,NULL,NULL,0,0,0,"admin","admin","2016-07-13 20:57:52","2017-07-13 22:14:18","2016-07-13 20:57:52",0
183,1,1,14,"1f628500-0f6d-44a8-bab1-d50c72adbb17","Data at Redshift=1.4 (RD0022)",NULL,NULL,NULL,0,0,0,"admin","admin","2016-07-13 20:57:52","2017-07-13 22:14:18","2016-07-13 20:57:52",0
184,1,1,14,"f25250bb-ec70-4308-b67d-ca2cd037d981","Data at Redshift=1.3 (RD0023)",NULL,NULL,NULL,0,0,0,"admin","admin","2016-07-13 20:57:52","2017-07-13 22:14:18","2016-07-13 20:57:52",0
185,1,1,14,"d8d190a4-2080-45b6-a7ac-1f8edf538de0","Data at Redshift=1.2 (RD0024)",NULL,NULL,NULL,0,0,0,"admin","admin","2016-07-13 20:57:52","2017-07-13 22:14:18","2016-07-13 20:57:52",0
186,1,1,14,"32a38acf-4349-44af-b3af-b7f4bfc1f068","Data at Redshift=1.1 (RD0025)",NULL,NULL,NULL,0,0,0,"admin","admin","2016-07-13 20:57:52","2017-07-13 22:14:18","2016-07-13 20:57:52",0
187,1,1,14,"abca0983-d1be-40a8-b1dc-ae89d6847947","Data at Redshift=1.0 (RD0026)",NULL,NULL,NULL,0,0,0,"admin","admin","2016-07-13 20:57:52","2017-07-13 22:14:18","2016-07-13 20:57:52",0
188,1,1,14,"f6f2db50-2238-4847-a554-9d381100e68f","Data at Redshift=0.9 (RD0027)",NULL,NULL,NULL,0,0,0,"admin","admin","2016-07-13 20:57:52","2017-07-13 22:14:18","2016-07-13 20:57:52",0
189,1,1,14,"31cef2da-1cf0-4f9f-afa2-48bf6604e9e9","Data at Redshift=0.8 (RD0028)",NULL,NULL,NULL,0,0,0,"admin","admin","2016-07-13 20:57:52","2017-07-13 22:14:18","2016-07-13 20:57:52",0
190,1,1,14,"dedda10a-2da5-45b4-8c63-55c9435fe123","Data at Redshift=0.7 (RD0029)",NULL,NULL,NULL,0,0,0,"admin","admin","2016-07-13 20:57:52","2017-07-13 22:14:18","2016-07-13 20:57:52",0
191,2,1,14,"2026a3c5-4779-4569-bd0d-2626a1145e95","Data at Redshift=0.6 (RD0030)",NULL,NULL,NULL,0,0,0,"admin","admin","2016-07-13 20:57:52","2017-07-13 22:14:18","2016-07-13 20:57:52",0
192,1,1,14,"b7d65f78-f6c1-440f-9cfc-0e11f6d05519","Data at Redshift=0.5 (RD0031)",NULL,NULL,NULL,0,0,0,"admin","admin","2016-07-13 20:57:52","2017-07-13 22:14:18","2016-07-13 20:57:52",0
193,1,1,14,"f0d5bc76-5621-4ff4-afd5-51d7125ff5a1","Data at Redshift=0.4 (RD0032)",NULL,NULL,NULL,0,0,0,"admin","admin","2016-07-13 20:57:52","2017-07-13 22:14:18","2016-07-13 20:57:52",0
194,1,1,14,"3876bf5e-2843-400a-9149-dd1aeb7ff689","Data at Redshift=0.3 (RD0033)",NULL,NULL,NULL,0,0,0,"admin","admin","2016-07-13 20:57:52","2017-07-13 22:14:18","2016-07-13 20:57:52",0
195,1,1,14,"8864b494-e0b6-4322-8af0-a60f956bedf4","Data at Redshift=0.2 (RD0034)",NULL,NULL,NULL,0,0,0,"admin","admin","2016-07-13 20:57:52","2017-07-13 22:14:18","2016-07-13 20:57:52",0
196,1,1,14,"4ff3962d-9f77-400d-b24d-d34099b5030b","Data at Redshift=0.1 (RD0035)",NULL,NULL,NULL,0,0,0,"admin","admin","2016-07-13 20:57:52","2017-07-13 22:14:18","2016-07-13 20:57:52",0
197,1,1,14,"bc8f96f5-0e5f-404d-a04c-18046e72fa08","Data at Redshift=0.0 (RD0036)",NULL,NULL,NULL,0,0,0,"admin","admin","2016-07-13 20:57:52","2017-07-13 22:14:18","2016-07-13 20:57:52",0
198,1,1,14,"f98b67a9-1d1a-4a9d-ab4b-e8c595d552c4","Lawrence Livermore National Laboratory - University of California, San Diego Scientific Data Management",NULL,NULL,NULL,0,0,0,"admin","admin","2016-07-13 20:57:52","2017-07-13 22:14:18","2016-07-13 20:57:52",0
199,2,1,14,"c7eff15b-65f7-4b72-a208-294374ec81b8","LUSciD Cosmology: The Cosmic Simulator",NULL,NULL,NULL,0,0,0,"admin","admin","2016-07-13 20:57:52","2017-07-13 22:14:18","2016-07-13 20:57:52",0
200,1,1,14,"198d2a89-12a0-495b-99c7-01d330d5a360","LLNL-UCSD Scientific data management status report",NULL,NULL,NULL,0,0,0,"admin","admin","2016-07-13 20:57:52","2017-07-13 22:14:18","2016-07-13 20:57:52",0
201,1,1,14,"9a325159-5700-4ce6-99ad-87a1d47cc91e","Lawrence Livermore National Laboratory - University of California, San Diego Scientific Data Management Collaboration. Year 1 Progress Report",NULL,NULL,NULL,0,0,0,"admin","admin","2016-07-13 20:57:52","2017-07-13 22:14:18","2016-07-13 20:57:52",0
202,1,1,14,"b9b7ef7f-1967-4e67-a7d2-8e1d55213eb7","LUSciD Cosmology Status Report, 1Q2007 (first quarter)",NULL,NULL,NULL,0,0,0,"admin","admin","2016-07-13 20:57:52","2017-07-13 22:14:18","2016-07-13 20:57:52",0
203,1,1,14,"4f99b13f-c0f9-4aad-b74f-635c07b56564","LUSciD Cosmology Status Report, 3Q2007 (third quarter)",NULL,NULL,NULL,0,0,0,"admin","admin","2016-07-13 20:57:52","2017-07-13 22:14:18","2016-07-13 20:57:52",0
204,1,1,14,"17a0f86f-2fb7-4a58-b3a2-ff349e86250a","Institute for Scientific Computing Research Annual Report, Fiscal Year 2007. Livermore--UC San Diego Scientific Data Collaboration.",NULL,NULL,NULL,0,0,0,"admin","admin","2016-07-13 20:57:52","2017-07-13 22:14:18","2016-07-13 20:57:52",0
205,1,1,14,"25f4a3df-6462-4a15-b600-ac931c3e35ec","Projects in Astrophysical and Cosmological Structure Formation.",NULL,NULL,NULL,0,0,0,"admin","admin","2016-07-13 20:57:52","2017-07-13 22:14:18","2016-07-13 20:57:52",0
206,1,1,14,"bb00ea38-72e3-4e8d-8f42-95b07ca836e7","NRAC 2008 Proposal",NULL,NULL,NULL,0,0,0,"admin","admin","2016-07-13 20:57:52","2017-07-13 22:14:18","2016-07-13 20:57:52",0
207,1,1,2,"12345","test d.o.",NULL,NULL,NULL,1,0,0,"admin","admin","2016-07-19 23:10:59","2017-07-13 22:14:18","2016-07-19 23:10:59",0
208,1,1,2,"77777","test d.o.",NULL,NULL,NULL,0,0,0,"admin","admin","2016-07-19 23:14:23","2017-07-13 22:14:18","2016-07-19 23:14:23",0
209,0,1,2,"123456","Archivematica Series",NULL,NULL,NULL,0,0,0,"admin","admin","2016-07-20 20:03:56","2017-07-13 22:14:18","2016-07-20 20:03:56",0
210,1,1,2,"1","Archivematica Series",NULL,NULL,NULL,0,0,0,"admin","admin","2016-07-20 20:04:50","2017-07-13 22:14:18","2016-07-20 20:04:50",0
211,1,1,2,"23","Logs and Metadata",NULL,NULL,NULL,0,0,0,"admin","admin","2016-07-20 20:05:05","2017-07-13 22:14:18","2016-07-20 20:05:05",0
212,0,1,2,"RDETEST","Test RDE",NULL,NULL,NULL,0,0,0,"admin","admin","2016-07-24 22:24:53","2017-07-13 22:14:18","2016-07-24 22:24:53",0
213,0,1,2,"Object 1","Test rde",NULL,NULL,NULL,0,0,0,"admin","admin","2016-08-01 23:50:32","2017-07-13 22:14:18","2016-08-01 23:50:32",0
214,2,1,5,"ech","ech",NULL,NULL,NULL,0,0,0,"admin","admin","2016-08-19 18:22:11","2017-07-13 22:14:18","2016-08-19 18:22:11",0
224,3,1,2,"do001","a new digital object",272,260,515,1,0,0,"admin","admin","2016-08-24 18:18:55","2017-07-13 22:14:18","2016-08-24 18:18:55",0
225,1,1,2,"e08c249a-d68c-494a-86a5-cb7b54e9af97","daotitle",NULL,NULL,NULL,0,0,0,"admin","admin","2016-08-31 08:53:17","2017-07-13 22:14:18","2016-08-31 08:53:17",0
226,1,1,2,"cd1e4694-8ca1-467b-a276-bcfabe96bba6","i'm a title, since required Digital Object",NULL,NULL,NULL,0,0,0,"admin","admin","2016-08-31 08:53:17","2017-07-13 22:14:18","2016-08-31 08:53:17",0
227,1,1,2,"bfa10d0e-811a-4f41-9128-46cfc7c983e4","did/dao-grp (with 3 daoloc items) Digital Object",NULL,NULL,NULL,0,0,0,"admin","admin","2016-08-31 08:53:17","2017-07-13 22:14:18","2016-08-31 08:53:17",0
228,1,1,2,"623d15d6-b17c-45df-9306-5d9a94667fde","did/dao-grp (with 3 daoloc items)... no daodesc Digital Object",NULL,NULL,NULL,0,0,0,"admin","admin","2016-08-31 08:53:17","2017-07-13 22:14:18","2016-08-31 08:53:17",0
229,1,1,2,"320287df-acd5-4f2d-95f6-dfc643b95e3a","dao-grp (with 3 daoloc items) Digital Object",NULL,NULL,NULL,0,0,0,"admin","admin","2016-08-31 08:53:17","2017-07-13 22:14:18","2016-08-31 08:53:17",0
230,1,1,2,"050b1f0f-70a4-4295-a03d-ac31fdc0fc62","something",NULL,NULL,NULL,0,0,0,"admin","admin","2016-08-31 08:53:17","2017-07-13 22:14:18","2016-08-31 08:53:17",0
231,1,1,2,"8968eff7-8be6-4c96-a137-cc3db93c27ab","required-title-2",NULL,NULL,NULL,0,0,0,"admin","admin","2016-08-31 08:53:17","2017-07-13 22:14:18","2016-08-31 08:53:17",0
232,1,1,2,"e4552aff-d953-4821-a278-732fc46614c5","required-title-2",NULL,NULL,NULL,0,0,0,"admin","admin","2016-08-31 08:53:17","2017-07-13 22:14:18","2016-08-31 08:53:17",0
233,1,1,2,"19a38b97-77db-4d55-a677-a95ef75d90d8","daotitle",NULL,NULL,NULL,0,0,0,"admin","admin","2016-08-31 08:57:43","2017-07-13 22:14:18","2016-08-31 08:57:43",0
234,1,1,2,"5a715bed-e5bd-44f3-8d23-2486261ced45","test Digital Object",NULL,NULL,NULL,0,0,0,"admin","admin","2016-08-31 08:57:43","2017-07-13 22:14:18","2016-08-31 08:57:43",0
235,1,1,2,"bba615a5-5fdc-4812-987a-bb42fbb9c8bc","did/dao-grp (with 3 daoloc items) Digital Object",NULL,NULL,NULL,0,0,0,"admin","admin","2016-08-31 08:57:43","2017-07-13 22:14:18","2016-08-31 08:57:43",0
236,1,1,2,"ee1c4f80-aa96-46ac-a3e7-af9e29b4ee54","did/dao-grp (with 3 daoloc items)... no daodesc Digital Object",NULL,NULL,NULL,0,0,0,"admin","admin","2016-08-31 08:57:43","2017-07-13 22:14:18","2016-08-31 08:57:43",0
237,1,1,2,"8fac118c-dcef-4692-9193-2172f11060b6","dao-grp (with 3 daoloc items) Digital Object",NULL,NULL,NULL,0,0,0,"admin","admin","2016-08-31 08:57:43","2017-07-13 22:14:18","2016-08-31 08:57:43",0
238,1,1,2,"6c2d289c-49fd-4d9f-8aaf-44fb2485aaaa","something",NULL,NULL,NULL,0,0,0,"admin","admin","2016-08-31 08:57:43","2017-07-13 22:14:18","2016-08-31 08:57:43",0
239,1,1,2,"71b6173e-dbe1-474f-9069-cb3113519b09","required-title-2",NULL,NULL,NULL,0,0,0,"admin","admin","2016-08-31 08:57:43","2017-07-13 22:14:18","2016-08-31 08:57:43",0
240,1,1,2,"3c21ffcc-9b00-4f7e-b576-1cf46c2e6d74","required-title-2",NULL,NULL,NULL,0,0,0,"admin","admin","2016-08-31 08:57:43","2017-07-13 22:14:18","2016-08-31 08:57:43",0
242,4,1,12,"digobj111","A new digital object",NULL,NULL,NULL,0,0,0,"admin","admin","2016-11-09 23:13:52","2017-07-13 22:14:18","2016-11-09 23:13:52",0
243,2,1,2,"DO-000001","One DO",NULL,NULL,NULL,0,0,0,"admin","admin","2016-11-10 15:19:43","2017-07-13 22:14:18","2016-11-10 15:19:43",0
244,2,1,2,"DO-000002","Another DO",NULL,NULL,NULL,0,0,0,"admin","admin","2016-11-10 15:20:13","2017-07-13 22:14:18","2016-11-10 15:20:13",0
245,5,1,2,"DO-000003","Yet another DO",NULL,NULL,NULL,0,0,0,"admin","admin","2016-11-10 15:21:05","2017-07-13 22:14:18","2016-11-10 15:21:05",0
246,1,1,5,"DO_1","Test DO",NULL,NULL,NULL,0,0,0,"buschedw","buschedw","2016-11-11 17:22:47","2017-07-13 22:14:18","2016-11-11 17:22:47",0
247,1,1,5,"DO2","digital object 2",NULL,NULL,NULL,0,0,0,"buschedw","buschedw","2016-11-11 17:27:26","2017-07-13 22:14:18","2016-11-11 17:27:26",0
248,1,1,5,"do3","digital object 3",NULL,262,NULL,1,0,0,"buschedw","buschedw","2016-11-11 19:59:53","2017-07-13 22:14:18","2016-11-11 19:59:53",0
249,1,1,2,"D123049","A Test Digital Object",NULL,NULL,NULL,1,0,0,"admin","admin","2016-11-11 21:20:59","2017-07-13 22:14:18","2016-11-11 21:20:59",0
250,1,1,10,"DO999","Test DO to trasnfer",NULL,NULL,NULL,0,0,0,"admin","admin","2016-11-11 21:24:05","2017-07-13 22:14:18","2016-11-11 21:24:05",0
251,2,1,14,"12345666","newly created do",NULL,NULL,NULL,1,1,0,"admin","admin","2016-11-11 22:04:44","2017-07-13 22:14:18","2016-11-11 22:04:44",0
252,2,1,14,"66654321","newly created do 1",NULL,NULL,NULL,1,0,0,"admin","admin","2016-11-11 22:05:43","2017-07-13 22:14:18","2016-11-11 22:05:43",0
253,1,1,14,"transfer 11111","transfer 11111",NULL,NULL,NULL,1,0,0,"admin","admin","2016-11-11 22:07:51","2017-07-13 22:14:18","2016-11-11 22:07:51",0
254,0,1,2,"667","RDE Test",NULL,NULL,NULL,0,0,0,"admin","admin","2016-11-18 15:55:13","2017-07-13 22:14:18","2016-11-18 15:55:13",0
255,3,1,14,"regreggrgr","egggeerr",NULL,NULL,NULL,1,0,0,"admin","admin","2017-01-10 19:54:14","2017-07-13 22:14:18","2017-01-10 20:31:42",0
256,1,1,2,"photo 1","Dale Earnhardt photos",NULL,NULL,NULL,1,0,0,"admin","admin","2017-01-11 14:52:11","2017-07-13 22:14:18","2017-02-15 17:44:59",0
257,1,1,2,"DOTESTTRANS","DO test for transfer",NULL,NULL,NULL,0,0,0,"admin","admin","2017-01-18 19:35:38","2017-07-13 22:14:18","2017-01-18 19:35:38",0
258,0,1,2,"V01-n01_199204","V01-n01",NULL,NULL,NULL,1,0,0,"admin","admin","2017-01-23 19:44:59","2017-07-13 22:14:18","2017-01-23 19:44:59",0
259,0,1,2,"V01-n01_199206","V01-n01",NULL,NULL,NULL,1,0,0,"admin","admin","2017-01-23 19:54:04","2017-07-13 22:14:18","2017-01-23 19:54:04",0
260,0,1,2,"V01-n01_199207","V01-n01",NULL,NULL,NULL,1,0,0,"admin","admin","2017-01-23 19:54:04","2017-07-13 22:14:18","2017-01-23 19:54:04",0
261,0,1,2,"V01-n01_199208","V01-n01",NULL,NULL,NULL,1,0,0,"admin","admin","2017-01-23 19:54:04","2017-07-13 22:14:18","2017-01-23 19:54:04",0
262,0,1,2,"V01-n01_199209","V01-n01",NULL,NULL,NULL,1,0,0,"admin","admin","2017-01-23 19:54:04","2017-07-13 22:14:18","2017-01-23 19:54:04",0
263,0,1,2,"V01-n01_199210","V01-n01",NULL,NULL,NULL,1,0,0,"admin","admin","2017-01-23 19:54:04","2017-07-13 22:14:18","2017-01-23 19:54:04",0
264,0,1,2,"V01-n01_199211","V01-n01",NULL,NULL,NULL,1,0,0,"admin","admin","2017-01-23 19:54:04","2017-07-13 22:14:18","2017-01-23 19:54:04",0
265,0,1,2,"V01-n01_199212","V01-n01",NULL,NULL,NULL,1,0,0,"admin","admin","2017-01-23 19:54:04","2017-07-13 22:14:18","2017-01-23 19:54:04",0
266,0,1,2,"V01-n01_199213","V01-n01",NULL,NULL,NULL,1,0,0,"admin","admin","2017-01-23 19:54:04","2017-07-13 22:14:18","2017-01-23 19:54:04",0
267,0,1,2,"V01-n01_199214","V01-n01",NULL,NULL,NULL,1,0,0,"admin","admin","2017-01-23 19:54:04","2017-07-13 22:14:18","2017-01-23 19:54:04",0
268,0,1,2,"666-2017","Extent Testing",NULL,NULL,NULL,0,0,0,"admin","admin","2017-01-23 21:54:57","2017-07-13 22:14:18","2017-01-23 21:54:57",0
269,2,1,2,"234","Testing Testing",NULL,268,NULL,0,0,0,"admin","admin","2017-01-23 22:15:20","2017-07-13 22:14:18","2017-01-23 22:22:43",0
270,3,1,5,"test01","Test image",272,268,NULL,1,0,0,"buschedw","admin","2017-01-24 19:04:42","2017-07-13 22:14:18","2017-03-21 18:48:49",0
272,2,1,15,"123","123",NULL,NULL,NULL,0,0,0,"admin","admin","2017-02-02 16:13:26","2017-07-13 22:14:18","2017-02-02 16:13:26",0
273,0,1,2,"id","test",NULL,NULL,NULL,0,0,0,"admin","admin","2017-02-06 14:41:00","2017-07-13 22:14:18","2017-02-06 14:41:00",0
274,0,1,2,"123","TEsting DO",NULL,NULL,NULL,0,0,0,"admin","admin","2017-03-01 23:13:55","2017-07-13 22:14:18","2017-03-01 23:13:55",0
275,0,1,2,"CV1","Cat Videos",NULL,262,515,0,0,0,"admin","admin","2017-03-03 04:49:03","2017-07-13 22:14:18","2017-03-03 04:49:03",0
276,1,1,2,"shoe 1-2","Photograph of Shoes",NULL,NULL,NULL,1,0,0,"admin","admin","2017-03-20 21:20:46","2017-07-13 22:14:18","2017-03-20 21:20:46",0
277,5,1,5,"DO.1","Test DO 1",NULL,NULL,NULL,1,0,0,"admin","admin","2017-03-21 19:13:28","2017-07-13 22:14:18","2017-03-21 19:19:06",0
278,3,1,5,"DO.2","DO 2",272,268,NULL,0,0,0,"admin","admin","2017-03-21 19:22:36","2017-07-13 22:14:18","2017-03-21 19:28:39",0
279,0,1,2,"whywhywhy","Zing",NULL,NULL,NULL,0,0,0,"admin","admin","2017-03-22 21:15:17","2017-07-13 22:14:18","2017-03-22 21:15:17",0
280,0,1,2,"YNHSC-DO-1","Watercolor illustration of brown crappie",272,7178,NULL,1,0,0,"admin","admin","2017-03-23 14:49:52","2017-07-13 22:14:18","2017-03-23 14:49:52",0
281,0,1,2,"YNHSC-DO-2","Watercolor illustration of brown trout",272,7178,NULL,1,0,0,"admin","admin","2017-03-23 14:49:52","2017-07-13 22:14:18","2017-03-23 14:49:52",0
282,0,1,2,"YNHSC-DO-3","Watercolor illustration of rainbow trout",272,7178,NULL,1,0,0,"admin","admin","2017-03-23 14:49:52","2017-07-13 22:14:18","2017-03-23 14:49:52",0
283,0,1,2,"YNHSC-DO-4","Watercolor illustration of walleye",272,7178,NULL,1,0,0,"admin","admin","2017-03-23 14:49:52","2017-07-13 22:14:18","2017-03-23 14:49:52",0
431,1,1,2,"8ae76db7-b9a8-4884-8113-c8751ef551b0","Abigail Adams (n.p.) letter to Julia Stockton Rush (Philadelphia), 1813 July 7",NULL,NULL,NULL,0,0,0,"admin","admin","2017-03-23 15:24:47","2017-07-13 22:14:18","2017-03-23 15:24:47",0
432,1,1,2,"647e3056-39f6-48cc-8e7e-0160a1222c7a","John Quincy Adams (St. Petersburg, Russia) letter to Benjamin Rush (Philadelphia), 1811 January 11",NULL,NULL,NULL,0,0,0,"admin","admin","2017-03-23 15:24:47","2017-07-13 22:14:18","2017-03-23 15:24:47",0
433,1,1,2,"b024b8b9-9004-4e64-bc1e-a6e9697aeec4","John Dickinson (n. p.) letter to Benjamin Rush (n. p.), 1784 August 13",NULL,NULL,NULL,0,0,0,"admin","admin","2017-03-23 15:24:47","2017-07-13 22:14:18","2017-03-23 15:24:47",0
434,1,1,2,"1b341ad2-a18a-4203-a080-2752d573e63e","John Dickinson (Kent [England]) letter to Benjamin Rush (Philadelphia), 1798 April 2",NULL,NULL,NULL,0,0,0,"admin","admin","2017-03-23 15:24:47","2017-07-13 22:14:18","2017-03-23 15:24:47",0
435,1,1,2,"31db8eb1-ad26-4c1a-9c81-c91c89ce3c4b","John Dickinson (n. p.) note to Benjamin Rush (n. p.), 1804",NULL,NULL,NULL,0,0,0,"admin","admin","2017-03-23 15:24:47","2017-07-13 22:14:18","2017-03-23 15:24:47",0
436,1,1,2,"516f5bcf-b5ed-4bfa-bdb1-28f2bef6c029","Horatio Gates (New York) letter to Benjamin Rush (Philadelphia), 1803 August 8",NULL,NULL,NULL,0,0,0,"admin","admin","2017-03-23 15:24:47","2017-07-13 22:14:18","2017-03-23 15:24:47",0
437,1,1,2,"b59fcb0d-e9f9-4ed4-991c-ab6941c85f5c","Nathanael Greene (n. p.) letter to Benjamin Rush (n. p.), 1777 May 3",NULL,NULL,NULL,0,0,0,"admin","admin","2017-03-23 15:24:47","2017-07-13 22:14:18","2017-03-23 15:24:47",0
438,1,1,2,"bc2b3aff-c6b0-4947-b959-4fad322e4ece","Richard Henderson (Leesburg [Va.]) letter to Benjamin Rush (Philadelphia), 1810 June 11",NULL,NULL,NULL,0,0,0,"admin","admin","2017-03-23 15:24:47","2017-07-13 22:14:18","2017-03-23 15:24:47",0
439,1,1,2,"c964f17e-3f0b-48ed-bdff-27116f514318","Mary Hosack (New York) letter to Julia Stockton Rush (Philadelphia), 1811 June 26",NULL,NULL,NULL,0,0,0,"admin","admin","2017-03-23 15:24:47","2017-07-13 22:14:18","2017-03-23 15:24:47",0
440,1,1,2,"6bd4e91c-3aa9-4bf5-b305-3a96a9ca220c","David Hosack (n. p.) letter to Julia Stockton Rush (Philadelphia), 1824 May 4",NULL,NULL,NULL,0,0,0,"admin","admin","2017-03-23 15:24:47","2017-07-13 22:14:18","2017-03-23 15:24:47",0
441,1,1,2,"cede32f3-1f70-42fb-93aa-1ea67b96a1e9","Thomas Jefferson (Washington [D.C.]) letter to Benjamin Rush (Philadelphia), 1801 December 20",NULL,NULL,NULL,0,0,0,"admin","admin","2017-03-23 15:24:47","2017-07-13 22:14:18","2017-03-23 15:24:47",0
442,1,1,2,"d4f90f12-6d2c-433a-b1e3-91e89c14c359","Thomas Jefferson (Washington [D.C.]) letter to Benjamin Rush (Philadelphia), 1808 January 3",NULL,NULL,NULL,0,0,0,"admin","admin","2017-03-23 15:24:48","2017-07-13 22:14:18","2017-03-23 15:24:48",0
443,1,1,2,"4dc9d8dc-2d87-4af7-924b-8d325912c9ff","James McHenry (York Island, Fort Washington) letter to Benjamin Rush (n. p.), 1776 November 2",NULL,NULL,NULL,0,0,0,"admin","admin","2017-03-23 15:24:48","2017-07-13 22:14:18","2017-03-23 15:24:48",0
444,1,1,2,"8232c4ce-9994-4d44-b60d-e77b7f1450b2","James Madison (Washington [D.C.]) letter to Benjamin Rush (Philadelphia), 1801 June 28",NULL,NULL,NULL,0,0,0,"admin","admin","2017-03-23 15:24:48","2017-07-13 22:14:18","2017-03-23 15:24:48",0
445,1,1,2,"2e2b48b7-35af-4c17-8a1b-10799dd44698","Thomas Paine (n. p.) letter to Benjamin Rush (n. p.), 1785 December 30",NULL,NULL,NULL,0,0,0,"admin","admin","2017-03-23 15:24:48","2017-07-13 22:14:18","2017-03-23 15:24:48",0
446,1,1,2,"4f4f5c22-5f05-4812-8f97-2c0e295942c7","Felix Pascalis Ouvriere (New York) letter to Benjamin Rush (Philadelphia), 1812 December 22",NULL,NULL,NULL,0,0,0,"admin","admin","2017-03-23 15:24:48","2017-07-13 22:14:18","2017-03-23 15:24:48",0
447,1,1,2,"9d91b338-c128-43d6-ae06-43bd00d2c9e1","Felix Pascalis Ouvriere (New York) letter to Benjamin Rush (Philadelphia), 1813 March 1",NULL,NULL,NULL,0,0,0,"admin","admin","2017-03-23 15:24:48","2017-07-13 22:14:18","2017-03-23 15:24:48",0
448,1,1,2,"17334970-e3f2-4710-a50e-d9f57c06c40f","Timothy Pickering (Philadelphia) letter to Benjamin Rush (n. p.), 1799 September 23",NULL,NULL,NULL,0,0,0,"admin","admin","2017-03-23 15:24:48","2017-07-13 22:14:18","2017-03-23 15:24:48",0
449,1,1,2,"19b93b5c-875f-42b0-84c0-0761450b34fd","Timothy Pickering (Washington [D.C.]) letter to Benjamin Rush (Philadelphia), 1804 November 17",NULL,NULL,NULL,0,0,0,"admin","admin","2017-03-23 15:24:48","2017-07-13 22:14:18","2017-03-23 15:24:48",0
450,1,1,2,"5d7de18a-3c1a-490e-8de1-1c3f59dc5647","Timothy Pickering (Salem [Mass.]) letter to Benjamin Rush (Philadelphia), 1807 July 5",NULL,NULL,NULL,0,0,0,"admin","admin","2017-03-23 15:24:48","2017-07-13 22:14:18","2017-03-23 15:24:48",0
451,1,1,2,"a4273902-d8a1-4488-a616-0159b4d3e98f","Timothy Pickering (Washington [D.C.]) letter to Benjamin Rush (n. p.), 1808 November 17",NULL,NULL,NULL,0,0,0,"admin","admin","2017-03-23 15:24:48","2017-07-13 22:14:18","2017-03-23 15:24:48",0
452,1,1,2,"faaea73d-057f-40f7-9ba6-1b9af09d0c89","Benjamin Rush (Philadelphia) letter to unidentified, 1777 April 2",NULL,NULL,NULL,0,0,0,"admin","admin","2017-03-23 15:24:48","2017-07-13 22:14:18","2017-03-23 15:24:48",0
453,1,1,2,"ca252bdd-3b35-452a-9070-e0ec6ae36da9","Benjamin Rush (n.p.) letter to unidentified, 1777 Autumn",NULL,NULL,NULL,0,0,0,"admin","admin","2017-03-23 15:24:48","2017-07-13 22:14:18","2017-03-23 15:24:48",0
454,1,1,2,"e01ae8b0-9634-41de-b11b-c9dd62154cdf","Benjamin Rush (Princetown) letter to unidentified, 1778 April 20-21",NULL,NULL,NULL,0,0,0,"admin","admin","2017-03-23 15:24:48","2017-07-13 22:14:18","2017-03-23 15:24:48",0
455,1,1,2,"e67a08cb-32c4-4ccf-aa17-403709f099d9","Benjamin Rush (Princetown) letter to James McHenry (n. p.), 1778 May 17",NULL,NULL,NULL,0,0,0,"admin","admin","2017-03-23 15:24:48","2017-07-13 22:14:18","2017-03-23 15:24:48",0
456,1,1,2,"7fc6784c-5650-4b18-924f-01509d59f5dc","Benjamin Rush (Philadelphia) letter to Julia Stockton Rush (Rushhill), 1779 July 30",NULL,NULL,NULL,0,0,0,"admin","admin","2017-03-23 15:24:48","2017-07-13 22:14:18","2017-03-23 15:24:48",0
457,1,1,2,"4fbf31f3-555a-4778-a932-12d9b645212a","Benjamin Rush (Morristown, NJ) letter to Julia Stockton Rush (Philadelphia), 1780 March 17",NULL,NULL,NULL,0,0,0,"admin","admin","2017-03-23 15:24:48","2017-07-13 22:14:18","2017-03-23 15:24:48",0
458,1,1,2,"5f25dbcf-b4cf-4a23-81c7-60306350673f","Benjamin Rush (Philadelphia) letter to Julia Stockton Rush (Princeton [N.J.]), 1781 March 12",NULL,NULL,NULL,0,0,0,"admin","admin","2017-03-23 15:24:48","2017-07-13 22:14:18","2017-03-23 15:24:48",0
459,1,1,2,"97056bfd-1073-44a2-97c4-0da77bc76d9e","Benjamin Rush (n.p.) note to Librarian of the Pensyla. Lib[rary] (n.p.), 1781 April 20",NULL,NULL,NULL,0,0,0,"admin","admin","2017-03-23 15:24:48","2017-07-13 22:14:18","2017-03-23 15:24:48",0
460,1,1,2,"a98a69fb-f222-4421-a959-eda4fe97944f","Benjamin Rush (Philadelphia) letter to [General Nathanael Greene, n.p.], 1782 April 15",NULL,NULL,NULL,0,0,0,"admin","admin","2017-03-23 15:24:48","2017-07-13 22:14:18","2017-03-23 15:24:48",0
461,1,1,2,"c90cedf0-7163-4839-8b1d-945a51208c2f","Benjamin Rush (Philadelphia) letter to Jacob Read (n. p.), 1782 April 23",NULL,NULL,NULL,0,0,0,"admin","admin","2017-03-23 15:24:48","2017-07-13 22:14:18","2017-03-23 15:24:48",0
462,1,1,2,"5ec00154-ced4-4e98-8cc0-111d057d700d","Rush, Benjamin (n.p.) letter to [W. J. B.], 1784 June 25",NULL,NULL,NULL,0,0,0,"admin","admin","2017-03-23 15:24:48","2017-07-13 22:14:18","2017-03-23 15:24:48",0
463,1,1,2,"985ba197-2764-48bc-a952-3617933f1cf7","Benjamin Rush (Philadelphia) letter to Julia Stockton Rush (Princeton [N.J.]), 1786 August 23",NULL,NULL,NULL,0,0,0,"admin","admin","2017-03-23 15:24:48","2017-07-13 22:14:18","2017-03-23 15:24:48",0
464,1,1,2,"d8717072-e286-4365-abf6-6c0a3c25d977","Benjamin Rush (Philadelphia) letter to Julia Stockton Rush (Princeton [N.J.]), 1787 August 16",NULL,NULL,NULL,0,0,0,"admin","admin","2017-03-23 15:24:48","2017-07-13 22:14:18","2017-03-23 15:24:48",0
465,1,1,2,"3303c369-4ae8-4b89-82a0-2b893ee53c48","Benjamin Rush (Philadelphia) letter to Julia Stockton Rush (Princeton [N.J.]), 1787 August 22",NULL,NULL,NULL,0,0,0,"admin","admin","2017-03-23 15:24:49","2017-07-13 22:14:18","2017-03-23 15:24:49",0
466,1,1,2,"f95d7456-c689-40bb-bc5b-9d8ee284e36a","Benjamin Rush (Philadelphia) letter to Rev [Ashbel?] Green (n. p.), 1787 September 19",NULL,NULL,NULL,0,0,0,"admin","admin","2017-03-23 15:24:49","2017-07-13 22:14:18","2017-03-23 15:24:49",0
467,1,1,2,"cfd37e56-b582-4221-bba2-8d6e8bcf3b37","Benjamin Rush (Philadelphia) letter to George Clymer (n. p.), 1789 February 12",NULL,NULL,NULL,0,0,0,"admin","admin","2017-03-23 15:24:49","2017-07-13 22:14:18","2017-03-23 15:24:49",0
468,1,1,2,"78c3a03e-b311-4e0f-9faf-4d20c301d1cd","Benjamin Rush (Philadelphia) letter to Julia Stockton Rush (Princeton [N.J.]), 1791 July 16-17",NULL,NULL,NULL,0,0,0,"admin","admin","2017-03-23 15:24:49","2017-07-13 22:14:18","2017-03-23 15:24:49",0
469,1,1,2,"7cfd2aea-807c-449e-ade8-def2e40ac263","Benjamin Rush (Philadelphia) letter to Julia Stockton Rush (Princeton [N.J.]), 1791 July 29",NULL,NULL,NULL,0,0,0,"admin","admin","2017-03-23 15:24:49","2017-07-13 22:14:18","2017-03-23 15:24:49",0
470,1,1,2,"724e7ae4-d7a9-4ccd-880e-541644a1c855","Benjamin Rush (Philadelphia) letter to Julia Stockton Rush (Princeton [N.J.]), 1791 August 24",NULL,NULL,NULL,0,0,0,"admin","admin","2017-03-23 15:24:49","2017-07-13 22:14:18","2017-03-23 15:24:49",0
471,1,1,2,"619008e2-ac19-4c13-af2d-7a606fadc12e","Benjamin Rush (Philadelphia) letter to Richard Rush (Princeton [N.J.]}, 1792 May 17",NULL,NULL,NULL,0,0,0,"admin","admin","2017-03-23 15:24:49","2017-07-13 22:14:18","2017-03-23 15:24:49",0
472,1,1,2,"25fba266-e53d-4d00-a096-a32201238416","Benjamin Rush (Philadelphia) letter to James Thornton (n. p.), 1792 September 3",NULL,NULL,NULL,0,0,0,"admin","admin","2017-03-23 15:24:49","2017-07-13 22:14:18","2017-03-23 15:24:49",0
473,1,1,2,"c45037a1-dad2-4168-959c-f253e7b7132a","Benjamin Rush (Philadelphia) letter to Julia Stockton Rush (Princeton [N.J.]), 1793 August 21",NULL,NULL,NULL,0,0,0,"admin","admin","2017-03-23 15:24:49","2017-07-13 22:14:18","2017-03-23 15:24:49",0
474,1,1,2,"fdc20ac4-6406-43a9-bc3d-eb2ccd5e28a5","Benjamin Rush (Philadelphia) letter to Julia Stockton Rush (Trenton [N.J.]), 1793 August 25-26",NULL,NULL,NULL,0,0,0,"admin","admin","2017-03-23 15:24:49","2017-07-13 22:14:18","2017-03-23 15:24:49",0
475,1,1,2,"b4757f14-0357-4fab-a872-d9904cf1fcf5","Benjamin Rush (Philadelphia) letter to Julia Stockton Rush (Trenton [N.J.]), 1793 August 26-27",NULL,NULL,NULL,0,0,0,"admin","admin","2017-03-23 15:24:49","2017-07-13 22:14:18","2017-03-23 15:24:49",0
476,1,1,2,"fa778a5c-b426-4265-9d88-b736629124cc","Benjamin Rush (Philadelphia) letter to Julia Stockton Rush (Trenton [N.J.]), 1793 August 27",NULL,NULL,NULL,0,0,0,"admin","admin","2017-03-23 15:24:49","2017-07-13 22:14:18","2017-03-23 15:24:49",0
477,1,1,2,"589ca40b-91c2-4408-a6d8-7fea542a6b55","Benjamin Rush (Philadelphia) letter to Julia Stockton Rush (Trenton [N.J.]), 1793 August 29-30",NULL,NULL,NULL,0,0,0,"admin","admin","2017-03-23 15:24:49","2017-07-13 22:14:18","2017-03-23 15:24:49",0
478,1,1,2,"fc1d39f0-ca13-4f22-93ea-057060e1afa6","Benjamin Rush (Philadelphia) letter to Julia Stockton Rush (Trenton [N.J.]), 1793 September 1-2",NULL,NULL,NULL,0,0,0,"admin","admin","2017-03-23 15:24:49","2017-07-13 22:14:18","2017-03-23 15:24:49",0
479,1,1,2,"77a32139-f586-4ac3-96e1-b85b557f7e69","Benjamin Rush (Philadelphia) letter to Julia Stockton Rush (Princeton [N.J.]), 1793 September 3",NULL,NULL,NULL,0,0,0,"admin","admin","2017-03-23 15:24:49","2017-07-13 22:14:18","2017-03-23 15:24:49",0
480,1,1,2,"05dd3fce-a8bd-4339-bcfe-1baf0f7e2b01","Benjamin Rush (Philadelphia) letter to Julia Stockton Rush (Trenton [N.J.]), 1793 September 4",NULL,NULL,NULL,0,0,0,"admin","admin","2017-03-23 15:24:49","2017-07-13 22:14:18","2017-03-23 15:24:49",0
481,1,1,2,"a3b4ff50-8759-4ef8-8fa4-7de6924de8eb","Benjamin Rush (Philadelphia) letter to Julia Stockton Rush (Princeton [N.J.]), 1793 September 5",NULL,NULL,NULL,0,0,0,"admin","admin","2017-03-23 15:24:49","2017-07-13 22:14:18","2017-03-23 15:24:49",0
482,1,1,2,"490d0fda-c6a2-4dab-8725-dd00f7ed3fee","Benjamin Rush (Philadelphia) letter to Julia Stockton Rush (Princeton [N.J.]), 1793 September 6-7",NULL,NULL,NULL,0,0,0,"admin","admin","2017-03-23 15:24:49","2017-07-13 22:14:18","2017-03-23 15:24:49",0
483,1,1,2,"68ff312b-e3c6-42b6-88ba-6d05d82964be","Benjamin Rush (Philadelphia) letter to Julia Stockton Rush (Princeton [N.J.]), 1793 September 8",NULL,NULL,NULL,0,0,0,"admin","admin","2017-03-23 15:24:49","2017-07-13 22:14:18","2017-03-23 15:24:49",0
484,1,1,2,"c5445a11-f314-4e89-bfd5-0d712f23b1da","Benjamin Rush (Philadelphia) letter to Julia Stockton Rush (Princeton [N.J.]), 1793 September 10",NULL,NULL,NULL,0,0,0,"admin","admin","2017-03-23 15:24:49","2017-07-13 22:14:18","2017-03-23 15:24:49",0
485,1,1,2,"3d24c360-196c-4bc6-adf8-9756f7ff8a9a","Benjamin Rush (Philadelphia) letter to Julia Stockton Rush (Princeton [N.J.]), 1793 September 11",NULL,NULL,NULL,0,0,0,"admin","admin","2017-03-23 15:24:49","2017-07-13 22:14:18","2017-03-23 15:24:49",0
486,1,1,2,"fa9ee351-d66a-4c9e-93c5-1abdd2ba0ca5","Benjamin Rush (Philadelphia) letter to Julia Stockton Rush (Princeton [N.J.]), 1793 September 12",NULL,NULL,NULL,0,0,0,"admin","admin","2017-03-23 15:24:49","2017-07-13 22:14:18","2017-03-23 15:24:49",0
487,1,1,2,"bbf3286c-a65d-43e5-9e8a-f7130c284f0e","Benjamin Rush (Philadelphia) letter to Julia Stockton Rush (Princeton [N.J.]), 1793 September 13",NULL,NULL,NULL,0,0,0,"admin","admin","2017-03-23 15:24:49","2017-07-13 22:14:18","2017-03-23 15:24:49",0
488,1,1,2,"40f5d03f-4c36-4a50-a73a-68c0854aed8b","Benjamin Rush (Philadelphia) letter to Julia Stockton Rush (Princeton [N.J.]), 1793 September 15",NULL,NULL,NULL,0,0,0,"admin","admin","2017-03-23 15:24:49","2017-07-13 22:14:18","2017-03-23 15:24:49",0
489,1,1,2,"3ddfc810-365c-4b68-8f21-44e358ebed86","Benjamin Rush (Philadelphia) letter to Julia Stockton Rush (Princeton [N.J.]), 1793 September 17",NULL,NULL,NULL,0,0,0,"admin","admin","2017-03-23 15:24:49","2017-07-13 22:14:18","2017-03-23 15:24:49",0
490,1,1,2,"7a8eafd6-b3d2-46c6-8ff8-87e0eef83635","Benjamin Rush (Philadelphia) letter to Julia Stockton Rush (Princeton [N.J.]), 1793 September 18",NULL,NULL,NULL,0,0,0,"admin","admin","2017-03-23 15:24:49","2017-07-13 22:14:18","2017-03-23 15:24:49",0
491,1,1,2,"2b1762f9-a8c1-4178-b9e1-9c9e88102f79","Benjamin Rush (Philadelphia) letter to Julia Stockton Rush (Princeton [N.J.]), 1793 September 18",NULL,NULL,NULL,0,0,0,"admin","admin","2017-03-23 15:24:49","2017-07-13 22:14:18","2017-03-23 15:24:49",0
492,1,1,2,"48f816a6-631c-4096-b2b7-9a048732ac8d","Benjamin Rush (Philadelphia) letter to Julia Stockton Rush (Princeton [N.J.]), 1793 September 20",NULL,NULL,NULL,0,0,0,"admin","admin","2017-03-23 15:24:49","2017-07-13 22:14:18","2017-03-23 15:24:49",0
493,1,1,2,"4bb8eb74-dffe-4c3c-801d-82a1c79d0b59","Benjamin Rush (Philadelphia) letter to Julia Stockton Rush (Princeton [N.J.]), 1793 September 21",NULL,NULL,NULL,0,0,0,"admin","admin","2017-03-23 15:24:49","2017-07-13 22:14:18","2017-03-23 15:24:49",0
494,1,1,2,"109def5f-6547-4b26-8dc0-f17319dd72d3","Benjamin Rush (Philadelphia) letter to Julia Stockton Rush (Princeton [N.J.]), 1793 September 22-23",NULL,NULL,NULL,0,0,0,"admin","admin","2017-03-23 15:24:49","2017-07-13 22:14:18","2017-03-23 15:24:49",0
495,1,1,2,"68fd089a-7146-41da-92c3-a67136fa7df5","Benjamin Rush (Philadelphia) letter to Julia Stockton Rush (Princeton [N.J.]), 1793 September 23-24",NULL,NULL,NULL,0,0,0,"admin","admin","2017-03-23 15:24:49","2017-07-13 22:14:18","2017-03-23 15:24:49",0
496,1,1,2,"493e8e4e-b340-4d77-aed5-8142a24a5b16","Benjamin Rush (Philadelphia) letter to Julia Stockton Rush (Princeton [N.J.]), 1793 September 24",NULL,NULL,NULL,0,0,0,"admin","admin","2017-03-23 15:24:49","2017-07-13 22:14:18","2017-03-23 15:24:49",0
497,1,1,2,"66d8f100-933b-494c-94f0-639a6554d840","Benjamin Rush (Philadelphia) letter to Julia Stockton Rush (Princeton [N.J.]), 1793 September 25-26",NULL,NULL,NULL,0,0,0,"admin","admin","2017-03-23 15:24:49","2017-07-13 22:14:18","2017-03-23 15:24:49",0
498,1,1,2,"6596d8e4-b246-4b7d-90cc-08d487c7b7d3","Benjamin Rush (Philadelphia) letter to Julia Stockton Rush (Princeton [N.J.]), 1793 September 26-27",NULL,NULL,NULL,0,0,0,"admin","admin","2017-03-23 15:24:49","2017-07-13 22:14:18","2017-03-23 15:24:49",0
499,1,1,2,"097030f3-9bcc-4d9a-85ac-fd09e43ce724","Benjamin Rush (Philadelphia) letter to Julia Stockton Rush (Princeton [N.J.]), 1793 September 29-30",NULL,NULL,NULL,0,0,0,"admin","admin","2017-03-23 15:24:49","2017-07-13 22:14:18","2017-03-23 15:24:49",0
500,1,1,2,"bddf7c27-f82f-4f6f-b8af-d1925ef3efb5","Benjamin Rush (Philadelphia) letter to Julia Stockton Rush (Princeton [N.J.]), 1793 September 30 - October 1",NULL,NULL,NULL,0,0,0,"admin","admin","2017-03-23 15:24:49","2017-07-13 22:14:18","2017-03-23 15:24:49",0
501,1,1,2,"c42d3094-8b4a-465e-86b9-9cfffcbf9b57","Benjamin Rush (Philadelphia) letter to Julia Stockton Rush (Princeton [N.J.]), 1793 October 1-2",NULL,NULL,NULL,0,0,0,"admin","admin","2017-03-23 15:24:49","2017-07-13 22:14:18","2017-03-23 15:24:49",0
502,1,1,2,"4390c9e8-4409-40ac-89b2-843ab8ab5e34","Benjamin Rush (Philadelphia) letter to Julia Stockton Rush (Princeton [N.J.]), 1793 October 2-3",NULL,NULL,NULL,0,0,0,"admin","admin","2017-03-23 15:24:50","2017-07-13 22:14:18","2017-03-23 15:24:50",0
503,1,1,2,"8b757166-5f5c-4020-a0fd-13d1b98814d7","Benjamin Rush (Philadelphia) letter to Julia Stockton Rush (Princeton [N.J.]), 1793 October 3-4",NULL,NULL,NULL,0,0,0,"admin","admin","2017-03-23 15:24:50","2017-07-13 22:14:18","2017-03-23 15:24:50",0
504,1,1,2,"1aef5469-5ad3-4c05-a5c5-ee71cd69b7db","Benjamin Rush (Philadelphia) letter to Julia Stockton Rush (Princeton [N.J.]), 1793 October 4-5",NULL,NULL,NULL,0,0,0,"admin","admin","2017-03-23 15:24:50","2017-07-13 22:14:18","2017-03-23 15:24:50",0
505,1,1,2,"632ea23c-1bee-4d37-ab71-1e3d6e5e2189","Benjamin Rush (Philadelphia) letter to Julia Stockton Rush (Princeton [N.J.]), 1793 October 6-7",NULL,NULL,NULL,0,0,0,"admin","admin","2017-03-23 15:24:50","2017-07-13 22:14:18","2017-03-23 15:24:50",0
506,1,1,2,"1dfccbd6-5568-4ed3-9797-3dfa1137f428","Benjamin Rush (Philadelphia) letter to Julia Stockton Rush (Princeton [N.J.]), 1793 October 7-8",NULL,NULL,NULL,0,0,0,"admin","admin","2017-03-23 15:24:50","2017-07-13 22:14:18","2017-03-23 15:24:50",0
507,1,1,2,"780be521-7f37-4666-ab3a-0bf119569ad4","Benjamin Rush (Philadelphia) letter to Julia Stockton Rush (Princeton [N.J.]), 1793 October 8-9",NULL,NULL,NULL,0,0,0,"admin","admin","2017-03-23 15:24:50","2017-07-13 22:14:18","2017-03-23 15:24:50",0
508,1,1,2,"c7a713c0-5ab9-48cc-a747-02fce7e78be2","Benjamin Rush (Philadelphia) letter to Julia Stockton Rush (Princeton [N.J.]), 1793 October 9-10",NULL,NULL,NULL,0,0,0,"admin","admin","2017-03-23 15:24:50","2017-07-13 22:14:18","2017-03-23 15:24:50",0
509,1,1,2,"d6316254-2c8d-448d-a7d3-a9cb8953feba","Benjamin Rush (Philadelphia) letter to Julia Stockton Rush (Princeton [N.J.]), 1793 October 10-11",NULL,NULL,NULL,0,0,0,"admin","admin","2017-03-23 15:24:50","2017-07-13 22:14:18","2017-03-23 15:24:50",0
510,1,1,2,"824045e5-6dae-45c2-9362-106791c42038","Benjamin Rush (Philadelphia) letter to Julia Stockton Rush (Princeton [N.J.]), 1793 October 11",NULL,NULL,NULL,0,0,0,"admin","admin","2017-03-23 15:24:50","2017-07-13 22:14:18","2017-03-23 15:24:50",0
511,1,1,2,"4db1050f-e7f6-4c6c-9067-42a0ef602f46","Benjamin Rush (Philadelphia) letter to Julia Stockton Rush (n. p.), 1793 October 13-14",NULL,NULL,NULL,0,0,0,"admin","admin","2017-03-23 15:24:50","2017-07-13 22:14:18","2017-03-23 15:24:50",0
512,1,1,2,"a2a7a1c9-0560-45ca-a81e-cf6a34aaeda9","Benjamin Rush (Philadelphia) letter to Julia Stockton Rush (Princeton [N.J.]), 1793 October 14-15",NULL,NULL,NULL,0,0,0,"admin","admin","2017-03-23 15:24:50","2017-07-13 22:14:18","2017-03-23 15:24:50",0
513,1,1,2,"77f4da7e-2721-45d5-9296-6c4f099ae0b5","Benjamin Rush (Philadelphia) letter to Julia Stockton Rush (Princeton [N.J.]), 1793 October 17-18",NULL,NULL,NULL,0,0,0,"admin","admin","2017-03-23 15:24:50","2017-07-13 22:14:18","2017-03-23 15:24:50",0
514,1,1,2,"7faa706b-380a-482d-aed8-47e7e2130409","Benjamin Rush (Philadelphia) letter to Julia Stockton Rush (Princeton [N.J.]), 1793 October 18",NULL,NULL,NULL,0,0,0,"admin","admin","2017-03-23 15:24:50","2017-07-13 22:14:18","2017-03-23 15:24:50",0
515,1,1,2,"9ba15587-da81-41d5-91d3-634ce76d0f10","Benjamin Rush (Philadelphia) letter to Julia Stockton Rush (Princeton [N.J.]), 1793 October 20-21",NULL,NULL,NULL,0,0,0,"admin","admin","2017-03-23 15:24:50","2017-07-13 22:14:18","2017-03-23 15:24:50",0
516,1,1,2,"3514574f-7ed0-4af7-9e5c-f0d12a7ec79c","Benjamin Rush (Philadelphia) letter to Julia Stockton Rush (Trenton [N.J.]), 1793 October 21-22",NULL,NULL,NULL,0,0,0,"admin","admin","2017-03-23 15:24:50","2017-07-13 22:14:18","2017-03-23 15:24:50",0
517,1,1,2,"4e6d19ab-78fa-45ab-a542-ade14c52824f","Benjamin Rush (Philadelphia) letter to Julia Stockton Rush (Trenton [N.J.]), 1793 October 23-24",NULL,NULL,NULL,0,0,0,"admin","admin","2017-03-23 15:24:50","2017-07-13 22:14:18","2017-03-23 15:24:50",0
518,1,1,2,"510d9c0f-355a-468b-b002-1245c632748b","Benjamin Rush (Philadelphia) letter to Julia Stockton Rush (Trenton [N.J.]), 1793 October 24",NULL,NULL,NULL,0,0,0,"admin","admin","2017-03-23 15:24:50","2017-07-13 22:14:18","2017-03-23 15:24:50",0
519,1,1,2,"8b612d19-d023-4ee5-bada-b8f49e7c90a0","Benjamin Rush (Philadelphia) letter to Julia Stockton Rush (Trenton [N.J.]), 1793 October 25-26",NULL,NULL,NULL,0,0,0,"admin","admin","2017-03-23 15:24:50","2017-07-13 22:14:18","2017-03-23 15:24:50",0
520,1,1,2,"bc99049b-6621-4439-9faf-f957ac1a909e","Benjamin Rush (Philadelphia) letter to Julia Stockton Rush (Princeton [N.J.]), 1793 October 27-28",NULL,NULL,NULL,0,0,0,"admin","admin","2017-03-23 15:24:50","2017-07-13 22:14:18","2017-03-23 15:24:50",0
521,1,1,2,"9aac6463-ab91-4a97-8957-e907d411f8b6","Benjamin Rush (Philadelphia) letter to Julia Stockton Rush (Princeton [N.J.]), 1793 October 28-29",NULL,NULL,NULL,0,0,0,"admin","admin","2017-03-23 15:24:50","2017-07-13 22:14:18","2017-03-23 15:24:50",0
522,1,1,2,"b89b7698-fb15-4744-bed5-cb9710af77c4","Benjamin Rush (Philadelphia) letter to Mrs. [Rachel] Montgomery (n. p.), 1793 October 29",NULL,NULL,NULL,0,0,0,"admin","admin","2017-03-23 15:24:50","2017-07-13 22:14:18","2017-03-23 15:24:50",0
523,1,1,2,"4d0b2314-dfea-4398-8e18-034c4bc713dd","Benjamin Rush (Philadelphia) letter to Julia Stockton Rush (Princeton [N.J.]), 1793 October 29-30",NULL,NULL,NULL,0,0,0,"admin","admin","2017-03-23 15:24:50","2017-07-13 22:14:18","2017-03-23 15:24:50",0
524,1,1,2,"01a18c1c-6032-45de-88c3-a36b26e0b26a","Benjamin Rush (Philadelphia) letter to Julia Stockton Rush (Princeton [N.J.]), 1793 October 30-31",NULL,NULL,NULL,0,0,0,"admin","admin","2017-03-23 15:24:50","2017-07-13 22:14:18","2017-03-23 15:24:50",0
525,1,1,2,"b7d71da9-71d3-49d4-aca1-5e724bad25f3","Benjamin Rush (Philadelphia) letter to Julia Stockton Rush (Princeton [N.J.]), 1793 October 31",NULL,NULL,NULL,0,0,0,"admin","admin","2017-03-23 15:24:50","2017-07-13 22:14:18","2017-03-23 15:24:50",0
526,1,1,2,"99d7173b-cf87-43ed-8a9c-447431d31fdb","Benjamin Rush (Philadelphia) letter to Julia Stockton Rush (Princeton [N.J.]), 1793 November 1",NULL,NULL,NULL,0,0,0,"admin","admin","2017-03-23 15:24:50","2017-07-13 22:14:18","2017-03-23 15:24:50",0
527,1,1,2,"46951697-99f0-49ce-99d3-27bf0a266bde","Benjamin Rush (Philadelphia) letter to Julia Stockton Rush (Rosehill), 1793 November 3",NULL,NULL,NULL,0,0,0,"admin","admin","2017-03-23 15:24:50","2017-07-13 22:14:18","2017-03-23 15:24:50",0
528,1,1,2,"ed8d3c32-6520-4bb6-910d-5593bf693147","Benjamin Rush (Philadelphia) letter to Julia Stockton Rush (Princeton [N.J.]), 1793 November 4-5",NULL,NULL,NULL,0,0,0,"admin","admin","2017-03-23 15:24:50","2017-07-13 22:14:18","2017-03-23 15:24:50",0
529,1,1,2,"8a52ebae-33c0-4b1a-b338-fc67e93b1be5","Benjamin Rush (Philadelphia) letter to Julia Stockton Rush (Princeton [N.J.]), 1793 November 7",NULL,NULL,NULL,0,0,0,"admin","admin","2017-03-23 15:24:50","2017-07-13 22:14:18","2017-03-23 15:24:50",0
530,1,1,2,"82ef8158-f1a9-4126-91cc-f0f7a75a9e46","Benjamin Rush (Philadelphia) letter to Julia Stockton Rush (Princeton [N.J.]), 1793 November 8",NULL,NULL,NULL,0,0,0,"admin","admin","2017-03-23 15:24:50","2017-07-13 22:14:18","2017-03-23 15:24:50",0
531,1,1,2,"2c233e92-e2f3-4322-b653-6fad644af2ff","Benjamin Rush (Philadelphia) letter to Julia Stockton Rush (Princeton [N.J.]), 1793 November 11",NULL,NULL,NULL,0,0,0,"admin","admin","2017-03-23 15:24:50","2017-07-13 22:14:18","2017-03-23 15:24:50",0
532,1,1,2,"713c5bf3-39ad-41fd-8549-f8c653342d20","Benjamin Rush (Philadelphia) letter to Julia Stockton Rush (Princeton [N.J.]), 1793 November 12",NULL,NULL,NULL,0,0,0,"admin","admin","2017-03-23 15:24:50","2017-07-13 22:14:18","2017-03-23 15:24:50",0
533,1,1,2,"f1d960a8-ee2a-4dd7-8996-2f89c2558bd5","Benjamin Rush (Philadelphia) letter to Dr. [Basil G.] Middleton (London), 1796 January 15",NULL,NULL,NULL,0,0,0,"admin","admin","2017-03-23 15:24:50","2017-07-13 22:14:18","2017-03-23 15:24:50",0
534,1,1,2,"1a7add22-b56e-445b-a336-02b8d0c01e9f","Benjamin Rush (Philadelphia) letter to Mr. Harris (n. p.), 1796 October 11",NULL,NULL,NULL,0,0,0,"admin","admin","2017-03-23 15:24:50","2017-07-13 22:14:18","2017-03-23 15:24:50",0
535,1,1,2,"8f7ba78e-0bd3-436c-b4cf-485a624264a4","Benjamin Rush (Philadelphia) letter to Julia Stockton Rush (Princeton [N.J.]), 1798 August 6",NULL,NULL,NULL,0,0,0,"admin","admin","2017-03-23 15:24:50","2017-07-13 22:14:18","2017-03-23 15:24:50",0
536,1,1,2,"1021e5f3-0b51-4115-81e8-f2347f76c10f","Benjamin Rush (Philadelphia) letter to Julia Stockton Rush (Princeton [N.J.]), 1798 August 7-8",NULL,NULL,NULL,0,0,0,"admin","admin","2017-03-23 15:24:50","2017-07-13 22:14:18","2017-03-23 15:24:50",0
537,1,1,2,"5e03114f-2465-410e-845a-7551c1354199","Benjamin Rush (Philadelphia) letter to Julia Stockton Rush (Princeton [N.J.]), 1798 August 9-10",NULL,NULL,NULL,0,0,0,"admin","admin","2017-03-23 15:24:50","2017-07-13 22:14:18","2017-03-23 15:24:50",0
538,1,1,2,"192d5bfe-1647-4f8d-9b3e-06276652747f","Benjamin Rush (Philadelphia) letter to Julia Stockton Rush (Princeton [N.J.]), 1798 August 26",NULL,NULL,NULL,0,0,0,"admin","admin","2017-03-23 15:24:50","2017-07-13 22:14:18","2017-03-23 15:24:50",0
539,1,1,2,"75acfa62-e11d-4e69-bacb-e373862d1d1d","Benjamin Rush (Sydenham) letter to Julia Stockton Rush (Princeton [N.J.]), 1798 August 31",NULL,NULL,NULL,0,0,0,"admin","admin","2017-03-23 15:24:50","2017-07-13 22:14:18","2017-03-23 15:24:50",0
540,1,1,2,"d21ce44c-442c-49b5-baef-a01d7c9959c0","Benjamin Rush (n.p.) letter to Julia Stockton Rush (Princeton [N.J.]), 1798 September 27",NULL,NULL,NULL,0,0,0,"admin","admin","2017-03-23 15:24:50","2017-07-13 22:14:18","2017-03-23 15:24:50",0
541,1,1,2,"63b360b9-ae40-4ab5-b268-ce410fe267a0","Benjamin Rush (Philadelphia) letter to Julia Stockton Rush (Princeton [N.J.]), 1798 September 28",NULL,NULL,NULL,0,0,0,"admin","admin","2017-03-23 15:24:50","2017-07-13 22:14:18","2017-03-23 15:24:50",0
542,1,1,2,"6b353b45-61c5-4f31-898d-769ae09bebbc","Benjamin Rush (Sydenham) letter to Nathaniel Potter (Baltimore), 1799 October 18",NULL,NULL,NULL,0,0,0,"admin","admin","2017-03-23 15:24:50","2017-07-13 22:14:18","2017-03-23 15:24:50",0
543,1,1,2,"417e0c54-f093-4342-bd51-08e2d2b92d35","Benjamin Rush (n.p.) note to Julia Stockton Rush (n.p.), 1798 or 1799",NULL,NULL,NULL,0,0,0,"admin","admin","2017-03-23 15:24:50","2017-07-13 22:14:18","2017-03-23 15:24:50",0
544,1,1,2,"54d8d54a-7037-44d1-9cf4-331c94abe4cf","Benjamin Rush (n.p.) letter to Julia Stockton Rush (Princeton [N.J.]), 1798 or 1799",NULL,NULL,NULL,0,0,0,"admin","admin","2017-03-23 15:24:50","2017-07-13 22:14:18","2017-03-23 15:24:50",0
545,1,1,2,"e7b8bd8a-2c73-44d6-a119-b0b17c5277a0","Benjamin Rush (Philadelphia) letter to unidentified, 1800 December 16",NULL,NULL,NULL,0,0,0,"admin","admin","2017-03-23 15:24:51","2017-07-13 22:14:18","2017-03-23 15:24:51",0
546,1,1,2,"732355e6-a6fc-4a7c-980d-be5d242e2db5","Benjamin Rush (Philadelphia) letter to unidentified, 1802 February 15",NULL,NULL,NULL,0,0,0,"admin","admin","2017-03-23 15:24:51","2017-07-13 22:14:18","2017-03-23 15:24:51",0
547,1,1,2,"ff094181-5b9d-4392-a079-dbd0bfc5f02b","Benjamin Rush (Philadelphia) letter to [James Currie, n. p.], 1802 March 15",NULL,NULL,NULL,0,0,0,"admin","admin","2017-03-23 15:24:51","2017-07-13 22:14:18","2017-03-23 15:24:51",0
548,1,1,2,"66bf3591-ceb2-4519-9bf2-ef25e586a4be","Benjamin Rush (Philadelphia) letter to John Bostock (Liverpool, England), [1805 May ]",NULL,NULL,NULL,0,0,0,"admin","admin","2017-03-23 15:24:51","2017-07-13 22:14:18","2017-03-23 15:24:51",0
549,1,1,2,"5c5bbc04-dd21-43c0-a83a-73bc40d8222d","Benjamin Rush (n.p.) letter to Thomas Jefferson (n. p.), 1805 June 15",NULL,NULL,NULL,0,0,0,"admin","admin","2017-03-23 15:24:51","2017-07-13 22:14:18","2017-03-23 15:24:51",0
550,1,1,2,"11317820-270d-4397-abf3-d21f56bbf26a","Benjamin Rush (Philadelphia) letter to John Bostock (Liverpool, England), 1806 April 7",NULL,NULL,NULL,0,0,0,"admin","admin","2017-03-23 15:24:51","2017-07-13 22:14:18","2017-03-23 15:24:51",0
551,1,1,2,"9dba73a9-4757-4b26-bef6-7ec75f30a8fe","Benjamin Rush (Philadelphia) note to Julia Stockton Rush (Princeton [N.J.]), 1808 August 25",NULL,NULL,NULL,0,0,0,"admin","admin","2017-03-23 15:24:51","2017-07-13 22:14:18","2017-03-23 15:24:51",0
552,1,1,2,"59f8ef89-c34f-40d7-ae16-b746ed4d63de","Benjamin Rush (Philadelphia) letter to Julia Stockton Rush (Three Rivers, Canada), 1809 July 7",NULL,NULL,NULL,0,0,0,"admin","admin","2017-03-23 15:24:51","2017-07-13 22:14:18","2017-03-23 15:24:51",0
553,1,1,2,"11c177ca-4f72-4f26-b198-bea71b7982c2","Benjamin Rush (Philadelphia) letter to Julia Stockton Rush (Three Rivers, Canada), 1809 July 15",NULL,NULL,NULL,0,0,0,"admin","admin","2017-03-23 15:24:51","2017-07-13 22:14:18","2017-03-23 15:24:51",0
554,1,1,2,"5f6b8c85-4649-40ed-86c7-62d0678f3530","Benjamin Rush (Philadelphia) letter to Julia Stockton Rush (Three Rivers, Canada), 1809 July 21-22",NULL,NULL,NULL,0,0,0,"admin","admin","2017-03-23 15:24:51","2017-07-13 22:14:18","2017-03-23 15:24:51",0
555,1,1,2,"065b7a57-f31c-4834-8cdc-673decb30954","Benjamin Rush (Philadelphia) letter to Richard Henderson (Loudon Court House, Virginia), 1810 May 31",NULL,NULL,NULL,0,0,0,"admin","admin","2017-03-23 15:24:51","2017-07-13 22:14:18","2017-03-23 15:24:51",0
556,1,1,2,"6be5801c-da5b-4436-96c4-732503777c13","Benjamin Rush (Philadelphia) letter to Richard Henderson (Loudon Court House, Virginia), 1810 June 27",NULL,NULL,NULL,0,0,0,"admin","admin","2017-03-23 15:24:51","2017-07-13 22:14:18","2017-03-23 15:24:51",0
557,1,1,2,"a95a0277-e012-4eeb-aec9-a1f86a7e7766","Benjamin Rush (Philadelphia) letter to unidentified, 1810 October 20",NULL,NULL,NULL,0,0,0,"admin","admin","2017-03-23 15:24:51","2017-07-13 22:14:18","2017-03-23 15:24:51",0
558,1,1,2,"3c597895-2a77-4a3e-accf-8bd08a9e127b","Benjamin Rush (Philadelphia) letter to W. Jones [Dr. Walter Jones] (n. p.), 1811 February 12",NULL,NULL,NULL,0,0,0,"admin","admin","2017-03-23 15:24:51","2017-07-13 22:14:18","2017-03-23 15:24:51",0
559,1,1,2,"06e42648-0c7a-4afc-91b0-396df34c11f0","Benjamin Rush (Philadelphia) letter to Rev. Dr. Samuel Miller (n. p.), 1811 June 7",NULL,NULL,NULL,0,0,0,"admin","admin","2017-03-23 15:24:51","2017-07-13 22:14:18","2017-03-23 15:24:51",0
560,1,1,2,"332d5663-5933-4dc5-a148-6a05710a0bc1","Benjamin Rush (Philadelphia) letter to William Eustis (n. p.), 1811 December 16",NULL,NULL,NULL,0,0,0,"admin","admin","2017-03-23 15:24:51","2017-07-13 22:14:18","2017-03-23 15:24:51",0
561,1,1,2,"b9070c59-8380-4336-8db7-dc1d5d98ca19","Benjamin Rush (Philadelphia) letter to unidentified, 1812 August 11",NULL,NULL,NULL,0,0,0,"admin","admin","2017-03-23 15:24:51","2017-07-13 22:14:18","2017-03-23 15:24:51",0
562,1,1,2,"43f1999d-6e84-4215-b9ae-f6e683e24235","Benjamin Rush (Philadelphia) letter to Dr. [David] Hosack (n. p.), 1812 September 25",NULL,NULL,NULL,0,0,0,"admin","admin","2017-03-23 15:24:51","2017-07-13 22:14:18","2017-03-23 15:24:51",0
563,1,1,2,"757b4a00-18a2-4362-a1e2-275fbb1d3286","Benjamin Rush (n. p.) letter to Baron Van Sach (n. p.), 1812 September 28",NULL,NULL,NULL,0,0,0,"admin","admin","2017-03-23 15:24:51","2017-07-13 22:14:18","2017-03-23 15:24:51",0
564,1,1,2,"c616a461-10e2-454c-a2b6-c6be65118cdd","Benjamin Rush (n. p.) letter to John Thompson (Edinburgh), 1812 October",NULL,NULL,NULL,0,0,0,"admin","admin","2017-03-23 15:24:51","2017-07-13 22:14:18","2017-03-23 15:24:51",0
565,1,1,2,"47ff2345-1e53-43bf-8f7c-b48032173adf","George Washington (Valley Forge) letter to Benjamin Rush (Yorktown), 1778 January 12",NULL,NULL,NULL,0,0,0,"admin","admin","2017-03-23 15:24:51","2017-07-13 22:14:18","2017-03-23 15:24:51",0
566,1,1,2,"2128ca13-9c05-46e8-b50d-391164a0b80f","Anthony Wayne (Charlestown) letter to Benjamin Rush (n. p.), 1783 January 20",NULL,NULL,NULL,0,0,0,"admin","admin","2017-03-23 15:24:51","2017-07-13 22:14:18","2017-03-23 15:24:51",0
567,1,1,2,"bf432b4d-410d-4cc6-a6ed-90bb6a72fde4","Benjamin Rush travel diary, 178[4] April 2-7",NULL,NULL,NULL,0,0,0,"admin","admin","2017-03-23 15:24:51","2017-07-13 22:14:18","2017-03-23 15:24:51",0
568,1,1,2,"9925732a-6d30-4e90-affe-25a1207f0fbd","Benjamin Rush medical casebook, 1811-1812",NULL,NULL,NULL,0,0,0,"admin","admin","2017-03-23 15:24:51","2017-07-13 22:14:18","2017-03-23 15:24:51",0
569,1,1,2,"807665ec-f5ca-4e5a-9eac-ac2a877cf3df","Julia Stockton Rush devotional journal, 1812-1845",NULL,NULL,NULL,0,0,0,"admin","admin","2017-03-23 15:24:51","2017-07-13 22:14:18","2017-03-23 15:24:51",0
570,1,1,2,"19243fd9-36da-4445-a23b-161247bcd41a","Benjamin Rush lecture or essay fragments, Undated",NULL,NULL,NULL,0,0,0,"admin","admin","2017-03-23 15:24:51","2017-07-13 22:14:18","2017-03-23 15:24:51",0
571,1,1,2,"d39170e6-eabe-405f-a3f2-fe900cb691df","Richard Rush note, Undated",NULL,NULL,NULL,0,0,0,"admin","admin","2017-03-23 15:24:51","2017-07-13 22:14:18","2017-03-23 15:24:51",0
572,1,1,2,"77f893a1-3f46-4187-8825-05b070ad05f8","Medical statements and receipts, 1766-1810",NULL,NULL,NULL,0,0,0,"admin","admin","2017-03-23 15:24:52","2017-07-13 22:14:18","2017-03-23 15:24:52",0
573,1,1,2,"69272178-5009-4c7b-b8c4-e876ff94f650","Household Accounts, 1770-1797",NULL,NULL,NULL,0,0,0,"admin","admin","2017-03-23 15:24:52","2017-07-13 22:14:18","2017-03-23 15:24:52",0
574,1,1,2,"a6fecac4-4064-45ee-80d5-5b15186f577a","Domestic Account Book belonging to Benj & Julia Rush beginning June 1799, 1799-1828",NULL,NULL,NULL,0,0,0,"admin","admin","2017-03-23 15:24:52","2017-07-13 22:14:18","2017-03-23 15:24:52",0
575,1,1,2,"6bed72d2-d7ff-4f20-8230-fb0791fb1d65","Samuel Cole educational record, 1775 April 26",NULL,NULL,NULL,0,0,0,"admin","admin","2017-03-23 15:24:52","2017-07-13 22:14:18","2017-03-23 15:24:52",0
576,1,1,2,"28d50155-b081-4ed9-b730-e7556f9eb68c","Sworn statement, 1786 April 14",NULL,NULL,NULL,0,0,0,"admin","admin","2017-03-23 15:24:52","2017-07-13 22:14:18","2017-03-23 15:24:52",0
577,1,1,2,"57d3b871-fc91-40a2-8fda-77363b1555cd","Land Patent, 1795 April",NULL,NULL,NULL,0,0,0,"admin","admin","2017-03-23 15:24:52","2017-07-13 22:14:18","2017-03-23 15:24:52",0
578,0,1,2,"MULTIDO","Multi-level digital object",NULL,NULL,NULL,1,0,0,"admin","admin","2017-04-05 18:47:49","2017-07-13 22:14:18","2017-04-05 18:47:49",0
