id,lock_version,json_schema_version,repo_id,"group_code","group_code_norm","description","created_by","last_modified_by","create_time","system_mtime","user_mtime"
1,0,1,1,"administrators","administrators","Administrators",NULL,NULL,"2015-12-08 18:55:14","2015-12-08 18:55:14","2015-12-08 18:55:14"
2,0,1,1,"searchindex","searchindex","Search index",NULL,NULL,"2015-12-08 18:55:19","2015-12-08 18:55:19","2015-12-08 18:55:19"
3,0,1,1,"publicanonymous","publicanonymous","Public Anonymous",NULL,NULL,"2015-12-08 18:55:20","2015-12-08 18:55:20","2015-12-08 18:55:20"
4,0,1,1,"staffsystem","staffsystem","Staff System Group",NULL,NULL,"2015-12-08 18:55:21","2015-12-08 18:55:21","2015-12-08 18:55:21"
5,3,1,2,"repository-managers","repository-managers","Managers of the GoneRepo repository","admin","admin","2015-12-16 13:17:43","2017-03-23 14:24:59","2017-03-23 14:24:59"
6,1,1,2,"repository-archivists","repository-archivists","Archivists of the GoneRepo repository","admin","admin","2015-12-16 13:17:43","2016-02-24 02:46:36","2016-02-24 02:46:36"
7,1,1,2,"repository-project-managers","repository-project-managers","Project managers of the GoneRepo repository","admin","admin","2015-12-16 13:17:43","2016-09-15 20:09:40","2016-09-15 20:09:40"
8,5,1,2,"repository-advanced-data-entry","repository-advanced-data-entry","Advanced Data Entry users of the GoneRepo repository","admin","admin","2015-12-16 13:17:43","2017-03-27 13:16:13","2017-03-27 13:16:13"
9,1,1,2,"repository-basic-data-entry","repository-basic-data-entry","Basic Data Entry users of the GoneRepo repository","admin","cdibella","2015-12-16 13:17:43","2017-01-26 13:33:50","2017-01-26 13:33:50"
10,1,1,2,"repository-viewers","repository-viewers","Viewers of the GoneRepo repository","admin","admin","2015-12-16 13:17:43","2017-03-22 16:20:41","2017-03-22 16:20:41"
11,0,1,3,"repository-managers","repository-managers","Managers of the q-test repository","admin","admin","2015-12-22 18:21:20","2015-12-22 18:21:20","2015-12-22 18:21:20"
12,0,1,3,"repository-archivists","repository-archivists","Archivists of the q-test repository","admin","admin","2015-12-22 18:21:20","2015-12-22 18:21:20","2015-12-22 18:21:20"
13,0,1,3,"repository-project-managers","repository-project-managers","Project managers of the q-test repository","admin","admin","2015-12-22 18:21:20","2015-12-22 18:21:20","2015-12-22 18:21:20"
14,0,1,3,"repository-advanced-data-entry","repository-advanced-data-entry","Advanced Data Entry users of the q-test repository","admin","admin","2015-12-22 18:21:20","2015-12-22 18:21:20","2015-12-22 18:21:20"
15,0,1,3,"repository-basic-data-entry","repository-basic-data-entry","Basic Data Entry users of the q-test repository","admin","admin","2015-12-22 18:21:20","2015-12-22 18:21:20","2015-12-22 18:21:20"
16,0,1,3,"repository-viewers","repository-viewers","Viewers of the q-test repository","admin","admin","2015-12-22 18:21:20","2015-12-22 18:21:20","2015-12-22 18:21:20"
17,0,1,4,"repository-managers","repository-managers","Managers of the SCUA repository","admin","admin","2016-02-22 01:44:08","2016-02-22 01:44:08","2016-02-22 01:44:08"
18,0,1,4,"repository-archivists","repository-archivists","Archivists of the SCUA repository","admin","admin","2016-02-22 01:44:08","2016-02-22 01:44:08","2016-02-22 01:44:08"
19,0,1,4,"repository-project-managers","repository-project-managers","Project managers of the SCUA repository","admin","admin","2016-02-22 01:44:08","2016-02-22 01:44:08","2016-02-22 01:44:08"
20,0,1,4,"repository-advanced-data-entry","repository-advanced-data-entry","Advanced Data Entry users of the SCUA repository","admin","admin","2016-02-22 01:44:08","2016-02-22 01:44:08","2016-02-22 01:44:08"
21,0,1,4,"repository-basic-data-entry","repository-basic-data-entry","Basic Data Entry users of the SCUA repository","admin","admin","2016-02-22 01:44:08","2016-02-22 01:44:08","2016-02-22 01:44:08"
22,0,1,4,"repository-viewers","repository-viewers","Viewers of the SCUA repository","admin","admin","2016-02-22 01:44:08","2016-02-22 01:44:08","2016-02-22 01:44:08"
23,0,1,5,"repository-managers","repository-managers","Managers of the UAHC repository","admin","admin","2016-03-03 16:16:06","2016-03-03 16:16:06","2016-03-03 16:16:06"
24,0,1,5,"repository-archivists","repository-archivists","Archivists of the UAHC repository","admin","admin","2016-03-03 16:16:06","2016-03-03 16:16:06","2016-03-03 16:16:06"
25,0,1,5,"repository-project-managers","repository-project-managers","Project managers of the UAHC repository","admin","admin","2016-03-03 16:16:06","2016-03-03 16:16:06","2016-03-03 16:16:06"
26,0,1,5,"repository-advanced-data-entry","repository-advanced-data-entry","Advanced Data Entry users of the UAHC repository","admin","admin","2016-03-03 16:16:06","2016-03-03 16:16:06","2016-03-03 16:16:06"
27,0,1,5,"repository-basic-data-entry","repository-basic-data-entry","Basic Data Entry users of the UAHC repository","admin","admin","2016-03-03 16:16:06","2016-03-03 16:16:06","2016-03-03 16:16:06"
28,0,1,5,"repository-viewers","repository-viewers","Viewers of the UAHC repository","admin","admin","2016-03-03 16:16:06","2016-03-03 16:16:06","2016-03-03 16:16:06"
29,0,1,6,"repository-managers","repository-managers","Managers of the HUTester repository","admin","admin","2016-03-09 14:55:47","2016-03-09 14:55:47","2016-03-09 14:55:47"
30,0,1,6,"repository-archivists","repository-archivists","Archivists of the HUTester repository","admin","admin","2016-03-09 14:55:47","2016-03-09 14:55:47","2016-03-09 14:55:47"
31,0,1,6,"repository-project-managers","repository-project-managers","Project managers of the HUTester repository","admin","admin","2016-03-09 14:55:47","2016-03-09 14:55:47","2016-03-09 14:55:47"
32,0,1,6,"repository-advanced-data-entry","repository-advanced-data-entry","Advanced Data Entry users of the HUTester repository","admin","admin","2016-03-09 14:55:47","2016-03-09 14:55:47","2016-03-09 14:55:47"
33,0,1,6,"repository-basic-data-entry","repository-basic-data-entry","Basic Data Entry users of the HUTester repository","admin","admin","2016-03-09 14:55:47","2016-03-09 14:55:47","2016-03-09 14:55:47"
34,0,1,6,"repository-viewers","repository-viewers","Viewers of the HUTester repository","admin","admin","2016-03-09 14:55:47","2016-03-09 14:55:47","2016-03-09 14:55:47"
35,0,1,7,"repository-managers","repository-managers","Managers of the Photo-Test repository","admin","admin","2016-03-15 18:27:30","2016-03-15 18:27:30","2016-03-15 18:27:30"
36,0,1,7,"repository-archivists","repository-archivists","Archivists of the Photo-Test repository","admin","admin","2016-03-15 18:27:30","2016-03-15 18:27:30","2016-03-15 18:27:30"
37,0,1,7,"repository-project-managers","repository-project-managers","Project managers of the Photo-Test repository","admin","admin","2016-03-15 18:27:30","2016-03-15 18:27:30","2016-03-15 18:27:30"
38,0,1,7,"repository-advanced-data-entry","repository-advanced-data-entry","Advanced Data Entry users of the Photo-Test repository","admin","admin","2016-03-15 18:27:30","2016-03-15 18:27:30","2016-03-15 18:27:30"
39,0,1,7,"repository-basic-data-entry","repository-basic-data-entry","Basic Data Entry users of the Photo-Test repository","admin","admin","2016-03-15 18:27:30","2016-03-15 18:27:30","2016-03-15 18:27:30"
40,0,1,7,"repository-viewers","repository-viewers","Viewers of the Photo-Test repository","admin","admin","2016-03-15 18:27:30","2016-03-15 18:27:30","2016-03-15 18:27:30"
41,1,1,2,"KitchenSink","kitchensink","Everything","admin","repo-man-2","2016-03-22 17:00:38","2017-01-26 14:03:56","2017-01-26 14:03:56"
42,0,1,8,"repository-managers","repository-managers","Managers of the V150Webinar repository","admin","admin","2016-06-24 18:43:08","2016-06-24 18:43:08","2016-06-24 18:43:08"
43,0,1,8,"repository-archivists","repository-archivists","Archivists of the V150Webinar repository","admin","admin","2016-06-24 18:43:08","2016-06-24 18:43:08","2016-06-24 18:43:08"
44,0,1,8,"repository-project-managers","repository-project-managers","Project managers of the V150Webinar repository","admin","admin","2016-06-24 18:43:08","2016-06-24 18:43:08","2016-06-24 18:43:08"
45,0,1,8,"repository-advanced-data-entry","repository-advanced-data-entry","Advanced Data Entry users of the V150Webinar repository","admin","admin","2016-06-24 18:43:08","2016-06-24 18:43:08","2016-06-24 18:43:08"
46,0,1,8,"repository-basic-data-entry","repository-basic-data-entry","Basic Data Entry users of the V150Webinar repository","admin","admin","2016-06-24 18:43:08","2016-06-24 18:43:08","2016-06-24 18:43:08"
47,0,1,8,"repository-viewers","repository-viewers","Viewers of the V150Webinar repository","admin","admin","2016-06-24 18:43:08","2016-06-24 18:43:08","2016-06-24 18:43:08"
48,0,1,9,"repository-managers","repository-managers","Managers of the Screencasts repository","admin","admin","2016-06-29 16:50:46","2016-06-29 16:50:46","2016-06-29 16:50:46"
49,0,1,9,"repository-archivists","repository-archivists","Archivists of the Screencasts repository","admin","admin","2016-06-29 16:50:46","2016-06-29 16:50:46","2016-06-29 16:50:46"
50,0,1,9,"repository-project-managers","repository-project-managers","Project managers of the Screencasts repository","admin","admin","2016-06-29 16:50:46","2016-06-29 16:50:46","2016-06-29 16:50:46"
51,0,1,9,"repository-advanced-data-entry","repository-advanced-data-entry","Advanced Data Entry users of the Screencasts repository","admin","admin","2016-06-29 16:50:46","2016-06-29 16:50:46","2016-06-29 16:50:46"
52,0,1,9,"repository-basic-data-entry","repository-basic-data-entry","Basic Data Entry users of the Screencasts repository","admin","admin","2016-06-29 16:50:46","2016-06-29 16:50:46","2016-06-29 16:50:46"
53,0,1,9,"repository-viewers","repository-viewers","Viewers of the Screencasts repository","admin","admin","2016-06-29 16:50:46","2016-06-29 16:50:46","2016-06-29 16:50:46"
54,0,1,10,"repository-managers","repository-managers","Managers of the YNHSC repository","admin","admin","2016-07-08 16:41:54","2016-07-08 16:41:54","2016-07-08 16:41:54"
55,0,1,10,"repository-archivists","repository-archivists","Archivists of the YNHSC repository","admin","admin","2016-07-08 16:41:54","2016-07-08 16:41:54","2016-07-08 16:41:54"
56,0,1,10,"repository-project-managers","repository-project-managers","Project managers of the YNHSC repository","admin","admin","2016-07-08 16:41:54","2016-07-08 16:41:54","2016-07-08 16:41:54"
57,0,1,10,"repository-advanced-data-entry","repository-advanced-data-entry","Advanced Data Entry users of the YNHSC repository","admin","admin","2016-07-08 16:41:54","2016-07-08 16:41:54","2016-07-08 16:41:54"
58,0,1,10,"repository-basic-data-entry","repository-basic-data-entry","Basic Data Entry users of the YNHSC repository","admin","admin","2016-07-08 16:41:54","2016-07-08 16:41:54","2016-07-08 16:41:54"
59,0,1,10,"repository-viewers","repository-viewers","Viewers of the YNHSC repository","admin","admin","2016-07-08 16:41:54","2016-07-08 16:41:54","2016-07-08 16:41:54"
60,0,1,11,"repository-managers","repository-managers","Managers of the SAA repository","admin","admin","2016-07-25 00:41:07","2016-07-25 00:41:07","2016-07-25 00:41:07"
61,0,1,11,"repository-archivists","repository-archivists","Archivists of the SAA repository","admin","admin","2016-07-25 00:41:08","2016-07-25 00:41:08","2016-07-25 00:41:08"
62,0,1,11,"repository-project-managers","repository-project-managers","Project managers of the SAA repository","admin","admin","2016-07-25 00:41:08","2016-07-25 00:41:08","2016-07-25 00:41:08"
63,0,1,11,"repository-advanced-data-entry","repository-advanced-data-entry","Advanced Data Entry users of the SAA repository","admin","admin","2016-07-25 00:41:08","2016-07-25 00:41:08","2016-07-25 00:41:08"
64,0,1,11,"repository-basic-data-entry","repository-basic-data-entry","Basic Data Entry users of the SAA repository","admin","admin","2016-07-25 00:41:08","2016-07-25 00:41:08","2016-07-25 00:41:08"
65,0,1,11,"repository-viewers","repository-viewers","Viewers of the SAA repository","admin","admin","2016-07-25 00:41:08","2016-07-25 00:41:08","2016-07-25 00:41:08"
66,0,1,12,"repository-managers","repository-managers","Managers of the hudmol repository","admin","admin","2016-11-09 23:08:21","2016-11-09 23:08:21","2016-11-09 23:08:21"
67,0,1,12,"repository-archivists","repository-archivists","Archivists of the hudmol repository","admin","admin","2016-11-09 23:08:22","2016-11-09 23:08:22","2016-11-09 23:08:22"
68,0,1,12,"repository-project-managers","repository-project-managers","Project managers of the hudmol repository","admin","admin","2016-11-09 23:08:22","2016-11-09 23:08:22","2016-11-09 23:08:22"
69,0,1,12,"repository-advanced-data-entry","repository-advanced-data-entry","Advanced Data Entry users of the hudmol repository","admin","admin","2016-11-09 23:08:22","2016-11-09 23:08:22","2016-11-09 23:08:22"
70,0,1,12,"repository-basic-data-entry","repository-basic-data-entry","Basic Data Entry users of the hudmol repository","admin","admin","2016-11-09 23:08:22","2016-11-09 23:08:22","2016-11-09 23:08:22"
71,0,1,12,"repository-viewers","repository-viewers","Viewers of the hudmol repository","admin","admin","2016-11-09 23:08:22","2016-11-09 23:08:22","2016-11-09 23:08:22"
72,0,1,13,"repository-managers","repository-managers","Managers of the hudmol2 repository","admin","admin","2016-11-11 04:20:45","2016-11-11 04:20:45","2016-11-11 04:20:45"
73,0,1,13,"repository-archivists","repository-archivists","Archivists of the hudmol2 repository","admin","admin","2016-11-11 04:20:45","2016-11-11 04:20:45","2016-11-11 04:20:45"
74,0,1,13,"repository-project-managers","repository-project-managers","Project managers of the hudmol2 repository","admin","admin","2016-11-11 04:20:45","2016-11-11 04:20:45","2016-11-11 04:20:45"
75,0,1,13,"repository-advanced-data-entry","repository-advanced-data-entry","Advanced Data Entry users of the hudmol2 repository","admin","admin","2016-11-11 04:20:45","2016-11-11 04:20:45","2016-11-11 04:20:45"
76,0,1,13,"repository-basic-data-entry","repository-basic-data-entry","Basic Data Entry users of the hudmol2 repository","admin","admin","2016-11-11 04:20:45","2016-11-11 04:20:45","2016-11-11 04:20:45"
77,0,1,13,"repository-viewers","repository-viewers","Viewers of the hudmol2 repository","admin","admin","2016-11-11 04:20:45","2016-11-11 04:20:45","2016-11-11 04:20:45"
78,0,1,14,"repository-managers","repository-managers","Managers of the destination repository","admin","admin","2016-11-11 22:06:20","2016-11-11 22:06:20","2016-11-11 22:06:20"
79,0,1,14,"repository-archivists","repository-archivists","Archivists of the destination repository","admin","admin","2016-11-11 22:06:20","2016-11-11 22:06:20","2016-11-11 22:06:20"
80,0,1,14,"repository-project-managers","repository-project-managers","Project managers of the destination repository","admin","admin","2016-11-11 22:06:20","2016-11-11 22:06:20","2016-11-11 22:06:20"
81,0,1,14,"repository-advanced-data-entry","repository-advanced-data-entry","Advanced Data Entry users of the destination repository","admin","admin","2016-11-11 22:06:20","2016-11-11 22:06:20","2016-11-11 22:06:20"
82,0,1,14,"repository-basic-data-entry","repository-basic-data-entry","Basic Data Entry users of the destination repository","admin","admin","2016-11-11 22:06:20","2016-11-11 22:06:20","2016-11-11 22:06:20"
83,0,1,14,"repository-viewers","repository-viewers","Viewers of the destination repository","admin","admin","2016-11-11 22:06:20","2016-11-11 22:06:20","2016-11-11 22:06:20"
84,2,1,2,"GroupTesting","grouptesting","For testing different combos of permissions.","admin","cdibella","2016-12-01 16:32:36","2017-01-26 13:30:17","2017-01-26 13:30:17"
85,0,1,15,"repository-managers","repository-managers","Managers of the ISL repository","admin","admin","2017-01-23 17:53:28","2017-01-23 17:53:28","2017-01-23 17:53:28"
86,0,1,15,"repository-archivists","repository-archivists","Archivists of the ISL repository","admin","admin","2017-01-23 17:53:28","2017-01-23 17:53:28","2017-01-23 17:53:28"
87,0,1,15,"repository-project-managers","repository-project-managers","Project managers of the ISL repository","admin","admin","2017-01-23 17:53:28","2017-01-23 17:53:28","2017-01-23 17:53:28"
88,0,1,15,"repository-advanced-data-entry","repository-advanced-data-entry","Advanced Data Entry users of the ISL repository","admin","admin","2017-01-23 17:53:28","2017-01-23 17:53:28","2017-01-23 17:53:28"
89,0,1,15,"repository-basic-data-entry","repository-basic-data-entry","Basic Data Entry users of the ISL repository","admin","admin","2017-01-23 17:53:28","2017-01-23 17:53:28","2017-01-23 17:53:28"
90,0,1,15,"repository-viewers","repository-viewers","Viewers of the ISL repository","admin","admin","2017-01-23 17:53:28","2017-01-23 17:53:28","2017-01-23 17:53:28"
91,4,1,2,"Report Test","report test","Running reports","admin","admin","2017-02-06 14:15:01","2017-02-21 21:44:21","2017-02-21 21:44:21"
100,0,1,17,"repository-managers","repository-managers","Managers of the SA repository","admin","admin","2017-04-07 14:37:50","2017-04-07 14:37:50","2017-04-07 14:37:50"
101,0,1,17,"repository-archivists","repository-archivists","Archivists of the SA repository","admin","admin","2017-04-07 14:37:50","2017-04-07 14:37:50","2017-04-07 14:37:50"
102,0,1,17,"repository-project-managers","repository-project-managers","Project managers of the SA repository","admin","admin","2017-04-07 14:37:50","2017-04-07 14:37:50","2017-04-07 14:37:50"
103,0,1,17,"repository-advanced-data-entry","repository-advanced-data-entry","Advanced Data Entry users of the SA repository","admin","admin","2017-04-07 14:37:50","2017-04-07 14:37:50","2017-04-07 14:37:50"
104,0,1,17,"repository-basic-data-entry","repository-basic-data-entry","Basic Data Entry users of the SA repository","admin","admin","2017-04-07 14:37:50","2017-04-07 14:37:50","2017-04-07 14:37:50"
105,0,1,17,"repository-viewers","repository-viewers","Viewers of the SA repository","admin","admin","2017-04-07 14:37:50","2017-04-07 14:37:50","2017-04-07 14:37:50"
106,0,1,18,"repository-managers","repository-managers","Managers of the LiCa repository","admin","admin","2017-04-11 15:59:59","2017-04-11 15:59:59","2017-04-11 15:59:59"
107,0,1,18,"repository-archivists","repository-archivists","Archivists of the LiCa repository","admin","admin","2017-04-11 15:59:59","2017-04-11 15:59:59","2017-04-11 15:59:59"
108,0,1,18,"repository-project-managers","repository-project-managers","Project managers of the LiCa repository","admin","admin","2017-04-11 15:59:59","2017-04-11 15:59:59","2017-04-11 15:59:59"
109,0,1,18,"repository-advanced-data-entry","repository-advanced-data-entry","Advanced Data Entry users of the LiCa repository","admin","admin","2017-04-11 15:59:59","2017-04-11 15:59:59","2017-04-11 15:59:59"
110,0,1,18,"repository-basic-data-entry","repository-basic-data-entry","Basic Data Entry users of the LiCa repository","admin","admin","2017-04-11 15:59:59","2017-04-11 15:59:59","2017-04-11 15:59:59"
111,0,1,18,"repository-viewers","repository-viewers","Viewers of the LiCa repository","admin","admin","2017-04-11 15:59:59","2017-04-11 15:59:59","2017-04-11 15:59:59"
112,0,1,19,"repository-managers","repository-managers","Managers of the TC repository","admin","admin","2017-04-11 16:17:03","2017-04-11 16:17:03","2017-04-11 16:17:03"
113,0,1,19,"repository-archivists","repository-archivists","Archivists of the TC repository","admin","admin","2017-04-11 16:17:03","2017-04-11 16:17:03","2017-04-11 16:17:03"
114,0,1,19,"repository-project-managers","repository-project-managers","Project managers of the TC repository","admin","admin","2017-04-11 16:17:03","2017-04-11 16:17:03","2017-04-11 16:17:03"
115,0,1,19,"repository-advanced-data-entry","repository-advanced-data-entry","Advanced Data Entry users of the TC repository","admin","admin","2017-04-11 16:17:04","2017-04-11 16:17:04","2017-04-11 16:17:04"
116,0,1,19,"repository-basic-data-entry","repository-basic-data-entry","Basic Data Entry users of the TC repository","admin","admin","2017-04-11 16:17:04","2017-04-11 16:17:04","2017-04-11 16:17:04"
117,0,1,19,"repository-viewers","repository-viewers","Viewers of the TC repository","admin","admin","2017-04-11 16:17:04","2017-04-11 16:17:04","2017-04-11 16:17:04"
118,0,1,20,"repository-managers","repository-managers","Managers of the accession_test_1498059036 repository","admin","admin","2017-06-21 15:30:37","2017-06-21 15:30:37","2017-06-21 15:30:37"
119,0,1,20,"repository-archivists","repository-archivists","Archivists of the accession_test_1498059036 repository","admin","admin","2017-06-21 15:30:37","2017-06-21 15:30:37","2017-06-21 15:30:37"
120,0,1,20,"repository-project-managers","repository-project-managers","Project managers of the accession_test_1498059036 repository","admin","admin","2017-06-21 15:30:37","2017-06-21 15:30:37","2017-06-21 15:30:37"
121,0,1,20,"repository-advanced-data-entry","repository-advanced-data-entry","Advanced Data Entry users of the accession_test_1498059036 repository","admin","admin","2017-06-21 15:30:37","2017-06-21 15:30:37","2017-06-21 15:30:37"
122,0,1,20,"repository-basic-data-entry","repository-basic-data-entry","Basic Data Entry users of the accession_test_1498059036 repository","admin","admin","2017-06-21 15:30:37","2017-06-21 15:30:37","2017-06-21 15:30:37"
123,0,1,20,"repository-viewers","repository-viewers","Viewers of the accession_test_1498059036 repository","admin","admin","2017-06-21 15:30:37","2017-06-21 15:30:37","2017-06-21 15:30:37"
124,0,1,21,"repository-managers","repository-managers","Managers of the agents_test_1498059038 repository","admin","admin","2017-06-21 15:30:38","2017-06-21 15:30:38","2017-06-21 15:30:38"
125,1,1,21,"repository-archivists","repository-archivists","Archivists of the agents_test_1498059038 repository","admin","admin","2017-06-21 15:30:38","2017-06-21 15:30:40","2017-06-21 15:30:40"
126,0,1,21,"repository-project-managers","repository-project-managers","Project managers of the agents_test_1498059038 repository","admin","admin","2017-06-21 15:30:38","2017-06-21 15:30:38","2017-06-21 15:30:38"
127,0,1,21,"repository-advanced-data-entry","repository-advanced-data-entry","Advanced Data Entry users of the agents_test_1498059038 repository","admin","admin","2017-06-21 15:30:38","2017-06-21 15:30:38","2017-06-21 15:30:38"
128,0,1,21,"repository-basic-data-entry","repository-basic-data-entry","Basic Data Entry users of the agents_test_1498059038 repository","admin","admin","2017-06-21 15:30:38","2017-06-21 15:30:38","2017-06-21 15:30:38"
129,0,1,21,"repository-viewers","repository-viewers","Viewers of the agents_test_1498059038 repository","admin","admin","2017-06-21 15:30:38","2017-06-21 15:30:38","2017-06-21 15:30:38"
130,0,1,22,"repository-managers","repository-managers","Managers of the classification_test_1498059160 repository","admin","admin","2017-06-21 15:32:40","2017-06-21 15:32:40","2017-06-21 15:32:40"
131,0,1,22,"repository-archivists","repository-archivists","Archivists of the classification_test_1498059160 repository","admin","admin","2017-06-21 15:32:40","2017-06-21 15:32:40","2017-06-21 15:32:40"
132,0,1,22,"repository-project-managers","repository-project-managers","Project managers of the classification_test_1498059160 repository","admin","admin","2017-06-21 15:32:40","2017-06-21 15:32:40","2017-06-21 15:32:40"
133,0,1,22,"repository-advanced-data-entry","repository-advanced-data-entry","Advanced Data Entry users of the classification_test_1498059160 repository","admin","admin","2017-06-21 15:32:40","2017-06-21 15:32:40","2017-06-21 15:32:40"
134,0,1,22,"repository-basic-data-entry","repository-basic-data-entry","Basic Data Entry users of the classification_test_1498059160 repository","admin","admin","2017-06-21 15:32:40","2017-06-21 15:32:40","2017-06-21 15:32:40"
135,0,1,22,"repository-viewers","repository-viewers","Viewers of the classification_test_1498059160 repository","admin","admin","2017-06-21 15:32:40","2017-06-21 15:32:40","2017-06-21 15:32:40"
136,0,1,23,"repository-managers","repository-managers","Managers of the notes_test_1498059164 repository","admin","admin","2017-06-21 15:32:44","2017-06-21 15:32:44","2017-06-21 15:32:44"
137,1,1,23,"repository-archivists","repository-archivists","Archivists of the notes_test_1498059164 repository","admin","admin","2017-06-21 15:32:44","2017-06-21 15:32:45","2017-06-21 15:32:45"
138,0,1,23,"repository-project-managers","repository-project-managers","Project managers of the notes_test_1498059164 repository","admin","admin","2017-06-21 15:32:45","2017-06-21 15:32:45","2017-06-21 15:32:45"
139,0,1,23,"repository-advanced-data-entry","repository-advanced-data-entry","Advanced Data Entry users of the notes_test_1498059164 repository","admin","admin","2017-06-21 15:32:45","2017-06-21 15:32:45","2017-06-21 15:32:45"
140,0,1,23,"repository-basic-data-entry","repository-basic-data-entry","Basic Data Entry users of the notes_test_1498059164 repository","admin","admin","2017-06-21 15:32:45","2017-06-21 15:32:45","2017-06-21 15:32:45"
141,0,1,23,"repository-viewers","repository-viewers","Viewers of the notes_test_1498059164 repository","admin","admin","2017-06-21 15:32:45","2017-06-21 15:32:45","2017-06-21 15:32:45"
142,1,1,24,"repository-managers","repository-managers","Managers of the notes_test_1498059241 repository","admin","admin","2017-06-21 15:34:01","2017-06-21 15:34:02","2017-06-21 15:34:02"
143,0,1,24,"repository-archivists","repository-archivists","Archivists of the notes_test_1498059241 repository","admin","admin","2017-06-21 15:34:01","2017-06-21 15:34:01","2017-06-21 15:34:01"
144,0,1,24,"repository-project-managers","repository-project-managers","Project managers of the notes_test_1498059241 repository","admin","admin","2017-06-21 15:34:01","2017-06-21 15:34:01","2017-06-21 15:34:01"
145,0,1,24,"repository-advanced-data-entry","repository-advanced-data-entry","Advanced Data Entry users of the notes_test_1498059241 repository","admin","admin","2017-06-21 15:34:01","2017-06-21 15:34:01","2017-06-21 15:34:01"
146,0,1,24,"repository-basic-data-entry","repository-basic-data-entry","Basic Data Entry users of the notes_test_1498059241 repository","admin","admin","2017-06-21 15:34:01","2017-06-21 15:34:01","2017-06-21 15:34:01"
147,0,1,24,"repository-viewers","repository-viewers","Viewers of the notes_test_1498059241 repository","admin","admin","2017-06-21 15:34:01","2017-06-21 15:34:01","2017-06-21 15:34:01"
148,0,1,25,"repository-managers","repository-managers","Managers of the default_values_test_1498059271 repository","admin","admin","2017-06-21 15:34:31","2017-06-21 15:34:31","2017-06-21 15:34:31"
149,1,1,25,"repository-archivists","repository-archivists","Archivists of the default_values_test_1498059271 repository","admin","admin","2017-06-21 15:34:31","2017-06-21 15:34:32","2017-06-21 15:34:32"
150,0,1,25,"repository-project-managers","repository-project-managers","Project managers of the default_values_test_1498059271 repository","admin","admin","2017-06-21 15:34:31","2017-06-21 15:34:31","2017-06-21 15:34:31"
151,0,1,25,"repository-advanced-data-entry","repository-advanced-data-entry","Advanced Data Entry users of the default_values_test_1498059271 repository","admin","admin","2017-06-21 15:34:31","2017-06-21 15:34:31","2017-06-21 15:34:31"
152,0,1,25,"repository-basic-data-entry","repository-basic-data-entry","Basic Data Entry users of the default_values_test_1498059271 repository","admin","admin","2017-06-21 15:34:31","2017-06-21 15:34:31","2017-06-21 15:34:31"
153,0,1,25,"repository-viewers","repository-viewers","Viewers of the default_values_test_1498059271 repository","admin","admin","2017-06-21 15:34:31","2017-06-21 15:34:31","2017-06-21 15:34:31"
154,0,1,26,"repository-managers","repository-managers","Managers of the do_test_1498059301 repository","admin","admin","2017-06-21 15:35:01","2017-06-21 15:35:01","2017-06-21 15:35:01"
155,0,1,26,"repository-archivists","repository-archivists","Archivists of the do_test_1498059301 repository","admin","admin","2017-06-21 15:35:01","2017-06-21 15:35:01","2017-06-21 15:35:01"
156,0,1,26,"repository-project-managers","repository-project-managers","Project managers of the do_test_1498059301 repository","admin","admin","2017-06-21 15:35:01","2017-06-21 15:35:01","2017-06-21 15:35:01"
157,0,1,26,"repository-advanced-data-entry","repository-advanced-data-entry","Advanced Data Entry users of the do_test_1498059301 repository","admin","admin","2017-06-21 15:35:01","2017-06-21 15:35:01","2017-06-21 15:35:01"
158,0,1,26,"repository-basic-data-entry","repository-basic-data-entry","Basic Data Entry users of the do_test_1498059301 repository","admin","admin","2017-06-21 15:35:01","2017-06-21 15:35:01","2017-06-21 15:35:01"
159,0,1,26,"repository-viewers","repository-viewers","Viewers of the do_test_1498059301 repository","admin","admin","2017-06-21 15:35:01","2017-06-21 15:35:01","2017-06-21 15:35:01"
160,0,1,27,"repository-managers","repository-managers","Managers of the enum_test_1498059301 repository","admin","admin","2017-06-21 15:35:02","2017-06-21 15:35:02","2017-06-21 15:35:02"
161,0,1,27,"repository-archivists","repository-archivists","Archivists of the enum_test_1498059301 repository","admin","admin","2017-06-21 15:35:02","2017-06-21 15:35:02","2017-06-21 15:35:02"
162,0,1,27,"repository-project-managers","repository-project-managers","Project managers of the enum_test_1498059301 repository","admin","admin","2017-06-21 15:35:02","2017-06-21 15:35:02","2017-06-21 15:35:02"
163,0,1,27,"repository-advanced-data-entry","repository-advanced-data-entry","Advanced Data Entry users of the enum_test_1498059301 repository","admin","admin","2017-06-21 15:35:02","2017-06-21 15:35:02","2017-06-21 15:35:02"
164,0,1,27,"repository-basic-data-entry","repository-basic-data-entry","Basic Data Entry users of the enum_test_1498059301 repository","admin","admin","2017-06-21 15:35:02","2017-06-21 15:35:02","2017-06-21 15:35:02"
165,0,1,27,"repository-viewers","repository-viewers","Viewers of the enum_test_1498059301 repository","admin","admin","2017-06-21 15:35:02","2017-06-21 15:35:02","2017-06-21 15:35:02"
166,0,1,28,"repository-managers","repository-managers","Managers of the events_test_1498059305 repository","admin","admin","2017-06-21 15:35:05","2017-06-21 15:35:05","2017-06-21 15:35:05"
167,0,1,28,"repository-archivists","repository-archivists","Archivists of the events_test_1498059305 repository","admin","admin","2017-06-21 15:35:05","2017-06-21 15:35:05","2017-06-21 15:35:05"
168,0,1,28,"repository-project-managers","repository-project-managers","Project managers of the events_test_1498059305 repository","admin","admin","2017-06-21 15:35:05","2017-06-21 15:35:05","2017-06-21 15:35:05"
169,0,1,28,"repository-advanced-data-entry","repository-advanced-data-entry","Advanced Data Entry users of the events_test_1498059305 repository","admin","admin","2017-06-21 15:35:05","2017-06-21 15:35:05","2017-06-21 15:35:05"
170,0,1,28,"repository-basic-data-entry","repository-basic-data-entry","Basic Data Entry users of the events_test_1498059305 repository","admin","admin","2017-06-21 15:35:05","2017-06-21 15:35:05","2017-06-21 15:35:05"
171,0,1,28,"repository-viewers","repository-viewers","Viewers of the events_test_1498059305 repository","admin","admin","2017-06-21 15:35:05","2017-06-21 15:35:05","2017-06-21 15:35:05"
172,0,1,29,"repository-managers","repository-managers","Managers of the groups_test_manage_1498059305 repository","admin","admin","2017-06-21 15:35:05","2017-06-21 15:35:05","2017-06-21 15:35:05"
173,0,1,29,"repository-archivists","repository-archivists","Archivists of the groups_test_manage_1498059305 repository","admin","admin","2017-06-21 15:35:05","2017-06-21 15:35:05","2017-06-21 15:35:05"
174,0,1,29,"repository-project-managers","repository-project-managers","Project managers of the groups_test_manage_1498059305 repository","admin","admin","2017-06-21 15:35:05","2017-06-21 15:35:05","2017-06-21 15:35:05"
175,0,1,29,"repository-advanced-data-entry","repository-advanced-data-entry","Advanced Data Entry users of the groups_test_manage_1498059305 repository","admin","admin","2017-06-21 15:35:05","2017-06-21 15:35:05","2017-06-21 15:35:05"
176,0,1,29,"repository-basic-data-entry","repository-basic-data-entry","Basic Data Entry users of the groups_test_manage_1498059305 repository","admin","admin","2017-06-21 15:35:05","2017-06-21 15:35:05","2017-06-21 15:35:05"
177,0,1,29,"repository-viewers","repository-viewers","Viewers of the groups_test_manage_1498059305 repository","admin","admin","2017-06-21 15:35:05","2017-06-21 15:35:05","2017-06-21 15:35:05"
178,0,1,30,"repository-managers","repository-managers","Managers of the groups_test_view_1498059305 repository","admin","admin","2017-06-21 15:35:06","2017-06-21 15:35:06","2017-06-21 15:35:06"
179,0,1,30,"repository-archivists","repository-archivists","Archivists of the groups_test_view_1498059305 repository","admin","admin","2017-06-21 15:35:06","2017-06-21 15:35:06","2017-06-21 15:35:06"
180,0,1,30,"repository-project-managers","repository-project-managers","Project managers of the groups_test_view_1498059305 repository","admin","admin","2017-06-21 15:35:06","2017-06-21 15:35:06","2017-06-21 15:35:06"
181,0,1,30,"repository-advanced-data-entry","repository-advanced-data-entry","Advanced Data Entry users of the groups_test_view_1498059305 repository","admin","admin","2017-06-21 15:35:06","2017-06-21 15:35:06","2017-06-21 15:35:06"
182,0,1,30,"repository-basic-data-entry","repository-basic-data-entry","Basic Data Entry users of the groups_test_view_1498059305 repository","admin","admin","2017-06-21 15:35:06","2017-06-21 15:35:06","2017-06-21 15:35:06"
183,0,1,30,"repository-viewers","repository-viewers","Viewers of the groups_test_view_1498059305 repository","admin","admin","2017-06-21 15:35:06","2017-06-21 15:35:06","2017-06-21 15:35:06"
184,0,1,31,"repository-managers","repository-managers","Managers of the instances_test_1498059309 repository","admin","admin","2017-06-21 15:35:09","2017-06-21 15:35:09","2017-06-21 15:35:09"
185,0,1,31,"repository-archivists","repository-archivists","Archivists of the instances_test_1498059309 repository","admin","admin","2017-06-21 15:35:09","2017-06-21 15:35:09","2017-06-21 15:35:09"
186,0,1,31,"repository-project-managers","repository-project-managers","Project managers of the instances_test_1498059309 repository","admin","admin","2017-06-21 15:35:09","2017-06-21 15:35:09","2017-06-21 15:35:09"
187,0,1,31,"repository-advanced-data-entry","repository-advanced-data-entry","Advanced Data Entry users of the instances_test_1498059309 repository","admin","admin","2017-06-21 15:35:09","2017-06-21 15:35:09","2017-06-21 15:35:09"
188,0,1,31,"repository-basic-data-entry","repository-basic-data-entry","Basic Data Entry users of the instances_test_1498059309 repository","admin","admin","2017-06-21 15:35:09","2017-06-21 15:35:09","2017-06-21 15:35:09"
189,0,1,31,"repository-viewers","repository-viewers","Viewers of the instances_test_1498059309 repository","admin","admin","2017-06-21 15:35:09","2017-06-21 15:35:09","2017-06-21 15:35:09"
190,0,1,32,"repository-managers","repository-managers","Managers of the jobs_test_1498059309 repository","admin","admin","2017-06-21 15:35:10","2017-06-21 15:35:10","2017-06-21 15:35:10"
191,0,1,32,"repository-archivists","repository-archivists","Archivists of the jobs_test_1498059309 repository","admin","admin","2017-06-21 15:35:10","2017-06-21 15:35:10","2017-06-21 15:35:10"
192,0,1,32,"repository-project-managers","repository-project-managers","Project managers of the jobs_test_1498059309 repository","admin","admin","2017-06-21 15:35:10","2017-06-21 15:35:10","2017-06-21 15:35:10"
193,0,1,32,"repository-advanced-data-entry","repository-advanced-data-entry","Advanced Data Entry users of the jobs_test_1498059309 repository","admin","admin","2017-06-21 15:35:10","2017-06-21 15:35:10","2017-06-21 15:35:10"
194,0,1,32,"repository-basic-data-entry","repository-basic-data-entry","Basic Data Entry users of the jobs_test_1498059309 repository","admin","admin","2017-06-21 15:35:10","2017-06-21 15:35:10","2017-06-21 15:35:10"
195,0,1,32,"repository-viewers","repository-viewers","Viewers of the jobs_test_1498059309 repository","admin","admin","2017-06-21 15:35:10","2017-06-21 15:35:10","2017-06-21 15:35:10"
196,1,1,33,"repository-managers","repository-managers","Managers of the locations_test_1498059310 repository","admin","admin","2017-06-21 15:35:10","2017-06-21 15:35:11","2017-06-21 15:35:11"
197,1,1,33,"repository-archivists","repository-archivists","Archivists of the locations_test_1498059310 repository","admin","admin","2017-06-21 15:35:10","2017-06-21 15:35:12","2017-06-21 15:35:12"
198,0,1,33,"repository-project-managers","repository-project-managers","Project managers of the locations_test_1498059310 repository","admin","admin","2017-06-21 15:35:10","2017-06-21 15:35:10","2017-06-21 15:35:10"
199,0,1,33,"repository-advanced-data-entry","repository-advanced-data-entry","Advanced Data Entry users of the locations_test_1498059310 repository","admin","admin","2017-06-21 15:35:10","2017-06-21 15:35:10","2017-06-21 15:35:10"
200,0,1,33,"repository-basic-data-entry","repository-basic-data-entry","Basic Data Entry users of the locations_test_1498059310 repository","admin","admin","2017-06-21 15:35:10","2017-06-21 15:35:10","2017-06-21 15:35:10"
201,0,1,33,"repository-viewers","repository-viewers","Viewers of the locations_test_1498059310 repository","admin","admin","2017-06-21 15:35:10","2017-06-21 15:35:10","2017-06-21 15:35:10"
202,0,1,34,"repository-managers","repository-managers","Managers of the testrepo_1_1498059500 repository","admin","admin","2017-06-21 15:38:20","2017-06-21 15:38:20","2017-06-21 15:38:20"
203,0,1,34,"repository-archivists","repository-archivists","Archivists of the testrepo_1_1498059500 repository","admin","admin","2017-06-21 15:38:20","2017-06-21 15:38:20","2017-06-21 15:38:20"
204,0,1,34,"repository-project-managers","repository-project-managers","Project managers of the testrepo_1_1498059500 repository","admin","admin","2017-06-21 15:38:20","2017-06-21 15:38:20","2017-06-21 15:38:20"
205,0,1,34,"repository-advanced-data-entry","repository-advanced-data-entry","Advanced Data Entry users of the testrepo_1_1498059500 repository","admin","admin","2017-06-21 15:38:20","2017-06-21 15:38:20","2017-06-21 15:38:20"
206,0,1,34,"repository-basic-data-entry","repository-basic-data-entry","Basic Data Entry users of the testrepo_1_1498059500 repository","admin","admin","2017-06-21 15:38:20","2017-06-21 15:38:20","2017-06-21 15:38:20"
207,0,1,34,"repository-viewers","repository-viewers","Viewers of the testrepo_1_1498059500 repository","admin","admin","2017-06-21 15:38:20","2017-06-21 15:38:20","2017-06-21 15:38:20"
208,0,1,35,"repository-managers","repository-managers","Managers of the transfer_test_1498059502 repository","admin","admin","2017-06-21 15:38:22","2017-06-21 15:38:22","2017-06-21 15:38:22"
209,0,1,35,"repository-archivists","repository-archivists","Archivists of the transfer_test_1498059502 repository","admin","admin","2017-06-21 15:38:22","2017-06-21 15:38:22","2017-06-21 15:38:22"
210,0,1,35,"repository-project-managers","repository-project-managers","Project managers of the transfer_test_1498059502 repository","admin","admin","2017-06-21 15:38:22","2017-06-21 15:38:22","2017-06-21 15:38:22"
211,0,1,35,"repository-advanced-data-entry","repository-advanced-data-entry","Advanced Data Entry users of the transfer_test_1498059502 repository","admin","admin","2017-06-21 15:38:22","2017-06-21 15:38:22","2017-06-21 15:38:22"
212,0,1,35,"repository-basic-data-entry","repository-basic-data-entry","Basic Data Entry users of the transfer_test_1498059502 repository","admin","admin","2017-06-21 15:38:22","2017-06-21 15:38:22","2017-06-21 15:38:22"
213,0,1,35,"repository-viewers","repository-viewers","Viewers of the transfer_test_1498059502 repository","admin","admin","2017-06-21 15:38:22","2017-06-21 15:38:22","2017-06-21 15:38:22"
214,0,1,36,"repository-managers","repository-managers","Managers of the transfer_test_target_1498059502 repository","admin","admin","2017-06-21 15:38:22","2017-06-21 15:38:22","2017-06-21 15:38:22"
215,0,1,36,"repository-archivists","repository-archivists","Archivists of the transfer_test_target_1498059502 repository","admin","admin","2017-06-21 15:38:22","2017-06-21 15:38:22","2017-06-21 15:38:22"
216,0,1,36,"repository-project-managers","repository-project-managers","Project managers of the transfer_test_target_1498059502 repository","admin","admin","2017-06-21 15:38:22","2017-06-21 15:38:22","2017-06-21 15:38:22"
217,0,1,36,"repository-advanced-data-entry","repository-advanced-data-entry","Advanced Data Entry users of the transfer_test_target_1498059502 repository","admin","admin","2017-06-21 15:38:22","2017-06-21 15:38:22","2017-06-21 15:38:22"
218,0,1,36,"repository-basic-data-entry","repository-basic-data-entry","Basic Data Entry users of the transfer_test_target_1498059502 repository","admin","admin","2017-06-21 15:38:22","2017-06-21 15:38:22","2017-06-21 15:38:22"
219,0,1,36,"repository-viewers","repository-viewers","Viewers of the transfer_test_target_1498059502 repository","admin","admin","2017-06-21 15:38:22","2017-06-21 15:38:22","2017-06-21 15:38:22"
220,0,1,37,"repository-managers","repository-managers","Managers of the notes_test_1498059509 repository","admin","admin","2017-06-21 15:38:29","2017-06-21 15:38:29","2017-06-21 15:38:29"
221,0,1,37,"repository-archivists","repository-archivists","Archivists of the notes_test_1498059509 repository","admin","admin","2017-06-21 15:38:29","2017-06-21 15:38:29","2017-06-21 15:38:29"
222,0,1,37,"repository-project-managers","repository-project-managers","Project managers of the notes_test_1498059509 repository","admin","admin","2017-06-21 15:38:29","2017-06-21 15:38:29","2017-06-21 15:38:29"
223,0,1,37,"repository-advanced-data-entry","repository-advanced-data-entry","Advanced Data Entry users of the notes_test_1498059509 repository","admin","admin","2017-06-21 15:38:30","2017-06-21 15:38:30","2017-06-21 15:38:30"
224,0,1,37,"repository-basic-data-entry","repository-basic-data-entry","Basic Data Entry users of the notes_test_1498059509 repository","admin","admin","2017-06-21 15:38:30","2017-06-21 15:38:30","2017-06-21 15:38:30"
225,0,1,37,"repository-viewers","repository-viewers","Viewers of the notes_test_1498059509 repository","admin","admin","2017-06-21 15:38:30","2017-06-21 15:38:30","2017-06-21 15:38:30"
226,0,1,38,"repository-managers","repository-managers","Managers of the pagination_test_1498059510 repository","admin","admin","2017-06-21 15:38:30","2017-06-21 15:38:30","2017-06-21 15:38:30"
227,0,1,38,"repository-archivists","repository-archivists","Archivists of the pagination_test_1498059510 repository","admin","admin","2017-06-21 15:38:30","2017-06-21 15:38:30","2017-06-21 15:38:30"
228,0,1,38,"repository-project-managers","repository-project-managers","Project managers of the pagination_test_1498059510 repository","admin","admin","2017-06-21 15:38:30","2017-06-21 15:38:30","2017-06-21 15:38:30"
229,0,1,38,"repository-advanced-data-entry","repository-advanced-data-entry","Advanced Data Entry users of the pagination_test_1498059510 repository","admin","admin","2017-06-21 15:38:30","2017-06-21 15:38:30","2017-06-21 15:38:30"
230,0,1,38,"repository-basic-data-entry","repository-basic-data-entry","Basic Data Entry users of the pagination_test_1498059510 repository","admin","admin","2017-06-21 15:38:30","2017-06-21 15:38:30","2017-06-21 15:38:30"
231,0,1,38,"repository-viewers","repository-viewers","Viewers of the pagination_test_1498059510 repository","admin","admin","2017-06-21 15:38:30","2017-06-21 15:38:30","2017-06-21 15:38:30"
232,0,1,39,"repository-managers","repository-managers","Managers of the perm_test_1498059510 repository","admin","admin","2017-06-21 15:38:30","2017-06-21 15:38:30","2017-06-21 15:38:30"
233,1,1,39,"repository-archivists","repository-archivists","Archivists of the perm_test_1498059510 repository","admin","admin","2017-06-21 15:38:30","2017-06-21 15:38:31","2017-06-21 15:38:31"
234,0,1,39,"repository-project-managers","repository-project-managers","Project managers of the perm_test_1498059510 repository","admin","admin","2017-06-21 15:38:30","2017-06-21 15:38:30","2017-06-21 15:38:30"
235,0,1,39,"repository-advanced-data-entry","repository-advanced-data-entry","Advanced Data Entry users of the perm_test_1498059510 repository","admin","admin","2017-06-21 15:38:30","2017-06-21 15:38:30","2017-06-21 15:38:30"
236,0,1,39,"repository-basic-data-entry","repository-basic-data-entry","Basic Data Entry users of the perm_test_1498059510 repository","admin","admin","2017-06-21 15:38:30","2017-06-21 15:38:30","2017-06-21 15:38:30"
237,0,1,39,"repository-viewers","repository-viewers","Viewers of the perm_test_1498059510 repository","admin","admin","2017-06-21 15:38:30","2017-06-21 15:38:30","2017-06-21 15:38:30"
238,0,1,40,"repository-managers","repository-managers","Managers of the rde_test_1498059571 repository","admin","admin","2017-06-21 15:39:31","2017-06-21 15:39:31","2017-06-21 15:39:31"
239,1,1,40,"repository-archivists","repository-archivists","Archivists of the rde_test_1498059571 repository","admin","admin","2017-06-21 15:39:31","2017-06-21 15:39:32","2017-06-21 15:39:32"
240,0,1,40,"repository-project-managers","repository-project-managers","Project managers of the rde_test_1498059571 repository","admin","admin","2017-06-21 15:39:31","2017-06-21 15:39:31","2017-06-21 15:39:31"
241,0,1,40,"repository-advanced-data-entry","repository-advanced-data-entry","Advanced Data Entry users of the rde_test_1498059571 repository","admin","admin","2017-06-21 15:39:31","2017-06-21 15:39:31","2017-06-21 15:39:31"
242,0,1,40,"repository-basic-data-entry","repository-basic-data-entry","Basic Data Entry users of the rde_test_1498059571 repository","admin","admin","2017-06-21 15:39:31","2017-06-21 15:39:31","2017-06-21 15:39:31"
243,0,1,40,"repository-viewers","repository-viewers","Viewers of the rde_test_1498059571 repository","admin","admin","2017-06-21 15:39:31","2017-06-21 15:39:31","2017-06-21 15:39:31"
244,0,1,41,"repository-managers","repository-managers","Managers of the rde_test_1498059578 repository","admin","admin","2017-06-21 15:39:39","2017-06-21 15:39:39","2017-06-21 15:39:39"
245,1,1,41,"repository-archivists","repository-archivists","Archivists of the rde_test_1498059578 repository","admin","admin","2017-06-21 15:39:39","2017-06-21 15:39:39","2017-06-21 15:39:39"
246,0,1,41,"repository-project-managers","repository-project-managers","Project managers of the rde_test_1498059578 repository","admin","admin","2017-06-21 15:39:39","2017-06-21 15:39:39","2017-06-21 15:39:39"
247,0,1,41,"repository-advanced-data-entry","repository-advanced-data-entry","Advanced Data Entry users of the rde_test_1498059578 repository","admin","admin","2017-06-21 15:39:39","2017-06-21 15:39:39","2017-06-21 15:39:39"
248,0,1,41,"repository-basic-data-entry","repository-basic-data-entry","Basic Data Entry users of the rde_test_1498059578 repository","admin","admin","2017-06-21 15:39:39","2017-06-21 15:39:39","2017-06-21 15:39:39"
249,0,1,41,"repository-viewers","repository-viewers","Viewers of the rde_test_1498059578 repository","admin","admin","2017-06-21 15:39:39","2017-06-21 15:39:39","2017-06-21 15:39:39"
250,0,1,42,"repository-managers","repository-managers","Managers of the testrepo_2_1498059579 repository","admin","admin","2017-06-21 15:39:39","2017-06-21 15:39:39","2017-06-21 15:39:39"
251,0,1,42,"repository-archivists","repository-archivists","Archivists of the testrepo_2_1498059579 repository","admin","admin","2017-06-21 15:39:40","2017-06-21 15:39:40","2017-06-21 15:39:40"
252,0,1,42,"repository-project-managers","repository-project-managers","Project managers of the testrepo_2_1498059579 repository","admin","admin","2017-06-21 15:39:40","2017-06-21 15:39:40","2017-06-21 15:39:40"
253,0,1,42,"repository-advanced-data-entry","repository-advanced-data-entry","Advanced Data Entry users of the testrepo_2_1498059579 repository","admin","admin","2017-06-21 15:39:40","2017-06-21 15:39:40","2017-06-21 15:39:40"
254,0,1,42,"repository-basic-data-entry","repository-basic-data-entry","Basic Data Entry users of the testrepo_2_1498059579 repository","admin","admin","2017-06-21 15:39:40","2017-06-21 15:39:40","2017-06-21 15:39:40"
255,0,1,42,"repository-viewers","repository-viewers","Viewers of the testrepo_2_1498059579 repository","admin","admin","2017-06-21 15:39:40","2017-06-21 15:39:40","2017-06-21 15:39:40"
256,1,1,43,"repository-managers","repository-managers","Managers of the lifecycle_test_1498059580 repository","admin","admin","2017-06-21 15:39:40","2017-06-21 15:39:41","2017-06-21 15:39:41"
257,1,1,43,"repository-archivists","repository-archivists","Archivists of the lifecycle_test_1498059580 repository","admin","admin","2017-06-21 15:39:40","2017-06-21 15:39:41","2017-06-21 15:39:41"
258,0,1,43,"repository-project-managers","repository-project-managers","Project managers of the lifecycle_test_1498059580 repository","admin","admin","2017-06-21 15:39:40","2017-06-21 15:39:40","2017-06-21 15:39:40"
259,0,1,43,"repository-advanced-data-entry","repository-advanced-data-entry","Advanced Data Entry users of the lifecycle_test_1498059580 repository","admin","admin","2017-06-21 15:39:40","2017-06-21 15:39:40","2017-06-21 15:39:40"
260,0,1,43,"repository-basic-data-entry","repository-basic-data-entry","Basic Data Entry users of the lifecycle_test_1498059580 repository","admin","admin","2017-06-21 15:39:40","2017-06-21 15:39:40","2017-06-21 15:39:40"
261,0,1,43,"repository-viewers","repository-viewers","Viewers of the lifecycle_test_1498059580 repository","admin","admin","2017-06-21 15:39:40","2017-06-21 15:39:40","2017-06-21 15:39:40"
262,0,1,44,"repository-managers","repository-managers","Managers of the testrepo_3_1498059591 repository","admin","admin","2017-06-21 15:39:51","2017-06-21 15:39:51","2017-06-21 15:39:51"
263,0,1,44,"repository-archivists","repository-archivists","Archivists of the testrepo_3_1498059591 repository","admin","admin","2017-06-21 15:39:51","2017-06-21 15:39:51","2017-06-21 15:39:51"
264,0,1,44,"repository-project-managers","repository-project-managers","Project managers of the testrepo_3_1498059591 repository","admin","admin","2017-06-21 15:39:51","2017-06-21 15:39:51","2017-06-21 15:39:51"
265,0,1,44,"repository-advanced-data-entry","repository-advanced-data-entry","Advanced Data Entry users of the testrepo_3_1498059591 repository","admin","admin","2017-06-21 15:39:51","2017-06-21 15:39:51","2017-06-21 15:39:51"
266,0,1,44,"repository-basic-data-entry","repository-basic-data-entry","Basic Data Entry users of the testrepo_3_1498059591 repository","admin","admin","2017-06-21 15:39:51","2017-06-21 15:39:51","2017-06-21 15:39:51"
267,0,1,44,"repository-viewers","repository-viewers","Viewers of the testrepo_3_1498059591 repository","admin","admin","2017-06-21 15:39:51","2017-06-21 15:39:51","2017-06-21 15:39:51"
268,0,1,45,"repository-managers","repository-managers","Managers of the search_test_1498059591 repository","admin","admin","2017-06-21 15:39:52","2017-06-21 15:39:52","2017-06-21 15:39:52"
269,0,1,45,"repository-archivists","repository-archivists","Archivists of the search_test_1498059591 repository","admin","admin","2017-06-21 15:39:52","2017-06-21 15:39:52","2017-06-21 15:39:52"
270,0,1,45,"repository-project-managers","repository-project-managers","Project managers of the search_test_1498059591 repository","admin","admin","2017-06-21 15:39:52","2017-06-21 15:39:52","2017-06-21 15:39:52"
271,0,1,45,"repository-advanced-data-entry","repository-advanced-data-entry","Advanced Data Entry users of the search_test_1498059591 repository","admin","admin","2017-06-21 15:39:52","2017-06-21 15:39:52","2017-06-21 15:39:52"
272,0,1,45,"repository-basic-data-entry","repository-basic-data-entry","Basic Data Entry users of the search_test_1498059591 repository","admin","admin","2017-06-21 15:39:52","2017-06-21 15:39:52","2017-06-21 15:39:52"
273,0,1,45,"repository-viewers","repository-viewers","Viewers of the search_test_1498059591 repository","admin","admin","2017-06-21 15:39:52","2017-06-21 15:39:52","2017-06-21 15:39:52"
274,0,1,46,"repository-managers","repository-managers","Managers of the adv_search_test_1498059592 repository","admin","admin","2017-06-21 15:39:52","2017-06-21 15:39:52","2017-06-21 15:39:52"
275,0,1,46,"repository-archivists","repository-archivists","Archivists of the adv_search_test_1498059592 repository","admin","admin","2017-06-21 15:39:52","2017-06-21 15:39:52","2017-06-21 15:39:52"
276,0,1,46,"repository-project-managers","repository-project-managers","Project managers of the adv_search_test_1498059592 repository","admin","admin","2017-06-21 15:39:52","2017-06-21 15:39:52","2017-06-21 15:39:52"
277,0,1,46,"repository-advanced-data-entry","repository-advanced-data-entry","Advanced Data Entry users of the adv_search_test_1498059592 repository","admin","admin","2017-06-21 15:39:52","2017-06-21 15:39:52","2017-06-21 15:39:52"
278,0,1,46,"repository-basic-data-entry","repository-basic-data-entry","Basic Data Entry users of the adv_search_test_1498059592 repository","admin","admin","2017-06-21 15:39:52","2017-06-21 15:39:52","2017-06-21 15:39:52"
279,0,1,46,"repository-viewers","repository-viewers","Viewers of the adv_search_test_1498059592 repository","admin","admin","2017-06-21 15:39:52","2017-06-21 15:39:52","2017-06-21 15:39:52"
280,1,1,47,"repository-managers","repository-managers","Managers of the space_calculator_1498059592 repository","admin","admin","2017-06-21 15:39:52","2017-06-21 15:39:53","2017-06-21 15:39:53"
281,0,1,47,"repository-archivists","repository-archivists","Archivists of the space_calculator_1498059592 repository","admin","admin","2017-06-21 15:39:52","2017-06-21 15:39:52","2017-06-21 15:39:52"
282,0,1,47,"repository-project-managers","repository-project-managers","Project managers of the space_calculator_1498059592 repository","admin","admin","2017-06-21 15:39:52","2017-06-21 15:39:52","2017-06-21 15:39:52"
283,0,1,47,"repository-advanced-data-entry","repository-advanced-data-entry","Advanced Data Entry users of the space_calculator_1498059592 repository","admin","admin","2017-06-21 15:39:52","2017-06-21 15:39:52","2017-06-21 15:39:52"
284,0,1,47,"repository-basic-data-entry","repository-basic-data-entry","Basic Data Entry users of the space_calculator_1498059592 repository","admin","admin","2017-06-21 15:39:52","2017-06-21 15:39:52","2017-06-21 15:39:52"
285,0,1,47,"repository-viewers","repository-viewers","Viewers of the space_calculator_1498059592 repository","admin","admin","2017-06-21 15:39:52","2017-06-21 15:39:52","2017-06-21 15:39:52"
286,0,1,48,"repository-managers","repository-managers","Managers of the testrepo_4_1498059605 repository","admin","admin","2017-06-21 15:40:05","2017-06-21 15:40:05","2017-06-21 15:40:05"
287,1,1,48,"repository-archivists","repository-archivists","Archivists of the testrepo_4_1498059605 repository","admin","admin","2017-06-21 15:40:05","2017-06-21 15:40:06","2017-06-21 15:40:06"
288,0,1,48,"repository-project-managers","repository-project-managers","Project managers of the testrepo_4_1498059605 repository","admin","admin","2017-06-21 15:40:05","2017-06-21 15:40:05","2017-06-21 15:40:05"
289,0,1,48,"repository-advanced-data-entry","repository-advanced-data-entry","Advanced Data Entry users of the testrepo_4_1498059605 repository","admin","admin","2017-06-21 15:40:05","2017-06-21 15:40:05","2017-06-21 15:40:05"
290,0,1,48,"repository-basic-data-entry","repository-basic-data-entry","Basic Data Entry users of the testrepo_4_1498059605 repository","admin","admin","2017-06-21 15:40:05","2017-06-21 15:40:05","2017-06-21 15:40:05"
291,0,1,48,"repository-viewers","repository-viewers","Viewers of the testrepo_4_1498059605 repository","admin","admin","2017-06-21 15:40:05","2017-06-21 15:40:05","2017-06-21 15:40:05"
292,0,1,49,"repository-managers","repository-managers","Managers of the testrepo_5_1498060326 repository","admin","admin","2017-06-21 15:52:06","2017-06-21 15:52:06","2017-06-21 15:52:06"
293,1,1,49,"repository-archivists","repository-archivists","Archivists of the testrepo_5_1498060326 repository","admin","admin","2017-06-21 15:52:06","2017-06-21 15:52:07","2017-06-21 15:52:07"
294,0,1,49,"repository-project-managers","repository-project-managers","Project managers of the testrepo_5_1498060326 repository","admin","admin","2017-06-21 15:52:06","2017-06-21 15:52:06","2017-06-21 15:52:06"
295,0,1,49,"repository-advanced-data-entry","repository-advanced-data-entry","Advanced Data Entry users of the testrepo_5_1498060326 repository","admin","admin","2017-06-21 15:52:06","2017-06-21 15:52:06","2017-06-21 15:52:06"
296,0,1,49,"repository-basic-data-entry","repository-basic-data-entry","Basic Data Entry users of the testrepo_5_1498060326 repository","admin","admin","2017-06-21 15:52:06","2017-06-21 15:52:06","2017-06-21 15:52:06"
297,0,1,49,"repository-viewers","repository-viewers","Viewers of the testrepo_5_1498060326 repository","admin","admin","2017-06-21 15:52:06","2017-06-21 15:52:06","2017-06-21 15:52:06"
298,0,1,50,"repository-managers","repository-managers","Managers of the trees_test_1498060383 repository","admin","admin","2017-06-21 15:53:03","2017-06-21 15:53:03","2017-06-21 15:53:03"
299,0,1,50,"repository-archivists","repository-archivists","Archivists of the trees_test_1498060383 repository","admin","admin","2017-06-21 15:53:03","2017-06-21 15:53:03","2017-06-21 15:53:03"
300,0,1,50,"repository-project-managers","repository-project-managers","Project managers of the trees_test_1498060383 repository","admin","admin","2017-06-21 15:53:03","2017-06-21 15:53:03","2017-06-21 15:53:03"
301,0,1,50,"repository-advanced-data-entry","repository-advanced-data-entry","Advanced Data Entry users of the trees_test_1498060383 repository","admin","admin","2017-06-21 15:53:03","2017-06-21 15:53:03","2017-06-21 15:53:03"
302,0,1,50,"repository-basic-data-entry","repository-basic-data-entry","Basic Data Entry users of the trees_test_1498060383 repository","admin","admin","2017-06-21 15:53:03","2017-06-21 15:53:03","2017-06-21 15:53:03"
303,1,1,50,"repository-viewers","repository-viewers","Viewers of the trees_test_1498060383 repository","admin","admin","2017-06-21 15:53:03","2017-06-21 15:53:04","2017-06-21 15:53:04"
304,0,1,51,"repository-managers","repository-managers","Managers of the user_pref_test_1498060396 repository","admin","admin","2017-06-21 15:53:17","2017-06-21 15:53:17","2017-06-21 15:53:17"
305,0,1,51,"repository-archivists","repository-archivists","Archivists of the user_pref_test_1498060396 repository","admin","admin","2017-06-21 15:53:17","2017-06-21 15:53:17","2017-06-21 15:53:17"
306,0,1,51,"repository-project-managers","repository-project-managers","Project managers of the user_pref_test_1498060396 repository","admin","admin","2017-06-21 15:53:17","2017-06-21 15:53:17","2017-06-21 15:53:17"
307,0,1,51,"repository-advanced-data-entry","repository-advanced-data-entry","Advanced Data Entry users of the user_pref_test_1498060396 repository","admin","admin","2017-06-21 15:53:17","2017-06-21 15:53:17","2017-06-21 15:53:17"
308,0,1,51,"repository-basic-data-entry","repository-basic-data-entry","Basic Data Entry users of the user_pref_test_1498060396 repository","admin","admin","2017-06-21 15:53:17","2017-06-21 15:53:17","2017-06-21 15:53:17"
309,0,1,51,"repository-viewers","repository-viewers","Viewers of the user_pref_test_1498060396 repository","admin","admin","2017-06-21 15:53:17","2017-06-21 15:53:17","2017-06-21 15:53:17"
310,0,1,52,"repository-managers","repository-managers","Managers of the accession_test_1498082589 repository","admin","admin","2017-06-21 22:03:09","2017-06-21 22:03:09","2017-06-21 22:03:09"
311,0,1,52,"repository-archivists","repository-archivists","Archivists of the accession_test_1498082589 repository","admin","admin","2017-06-21 22:03:09","2017-06-21 22:03:09","2017-06-21 22:03:09"
312,0,1,52,"repository-project-managers","repository-project-managers","Project managers of the accession_test_1498082589 repository","admin","admin","2017-06-21 22:03:09","2017-06-21 22:03:09","2017-06-21 22:03:09"
313,0,1,52,"repository-advanced-data-entry","repository-advanced-data-entry","Advanced Data Entry users of the accession_test_1498082589 repository","admin","admin","2017-06-21 22:03:09","2017-06-21 22:03:09","2017-06-21 22:03:09"
314,0,1,52,"repository-basic-data-entry","repository-basic-data-entry","Basic Data Entry users of the accession_test_1498082589 repository","admin","admin","2017-06-21 22:03:09","2017-06-21 22:03:09","2017-06-21 22:03:09"
315,0,1,52,"repository-viewers","repository-viewers","Viewers of the accession_test_1498082589 repository","admin","admin","2017-06-21 22:03:10","2017-06-21 22:03:10","2017-06-21 22:03:10"
316,0,1,53,"repository-managers","repository-managers","Managers of the agents_test_1498082590 repository","admin","admin","2017-06-21 22:03:10","2017-06-21 22:03:10","2017-06-21 22:03:10"
317,1,1,53,"repository-archivists","repository-archivists","Archivists of the agents_test_1498082590 repository","admin","admin","2017-06-21 22:03:10","2017-06-21 22:03:11","2017-06-21 22:03:11"
318,0,1,53,"repository-project-managers","repository-project-managers","Project managers of the agents_test_1498082590 repository","admin","admin","2017-06-21 22:03:10","2017-06-21 22:03:10","2017-06-21 22:03:10"
319,0,1,53,"repository-advanced-data-entry","repository-advanced-data-entry","Advanced Data Entry users of the agents_test_1498082590 repository","admin","admin","2017-06-21 22:03:10","2017-06-21 22:03:10","2017-06-21 22:03:10"
320,0,1,53,"repository-basic-data-entry","repository-basic-data-entry","Basic Data Entry users of the agents_test_1498082590 repository","admin","admin","2017-06-21 22:03:10","2017-06-21 22:03:10","2017-06-21 22:03:10"
321,0,1,53,"repository-viewers","repository-viewers","Viewers of the agents_test_1498082590 repository","admin","admin","2017-06-21 22:03:10","2017-06-21 22:03:10","2017-06-21 22:03:10"
322,0,1,54,"repository-managers","repository-managers","Managers of the classification_test_1498082611 repository","admin","admin","2017-06-21 22:03:32","2017-06-21 22:03:32","2017-06-21 22:03:32"
323,0,1,54,"repository-archivists","repository-archivists","Archivists of the classification_test_1498082611 repository","admin","admin","2017-06-21 22:03:32","2017-06-21 22:03:32","2017-06-21 22:03:32"
324,0,1,54,"repository-project-managers","repository-project-managers","Project managers of the classification_test_1498082611 repository","admin","admin","2017-06-21 22:03:32","2017-06-21 22:03:32","2017-06-21 22:03:32"
325,0,1,54,"repository-advanced-data-entry","repository-advanced-data-entry","Advanced Data Entry users of the classification_test_1498082611 repository","admin","admin","2017-06-21 22:03:32","2017-06-21 22:03:32","2017-06-21 22:03:32"
326,0,1,54,"repository-basic-data-entry","repository-basic-data-entry","Basic Data Entry users of the classification_test_1498082611 repository","admin","admin","2017-06-21 22:03:32","2017-06-21 22:03:32","2017-06-21 22:03:32"
327,0,1,54,"repository-viewers","repository-viewers","Viewers of the classification_test_1498082611 repository","admin","admin","2017-06-21 22:03:32","2017-06-21 22:03:32","2017-06-21 22:03:32"
328,0,1,55,"repository-managers","repository-managers","Managers of the notes_test_1498082615 repository","admin","admin","2017-06-21 22:03:35","2017-06-21 22:03:35","2017-06-21 22:03:35"
329,1,1,55,"repository-archivists","repository-archivists","Archivists of the notes_test_1498082615 repository","admin","admin","2017-06-21 22:03:35","2017-06-21 22:03:36","2017-06-21 22:03:36"
330,0,1,55,"repository-project-managers","repository-project-managers","Project managers of the notes_test_1498082615 repository","admin","admin","2017-06-21 22:03:35","2017-06-21 22:03:35","2017-06-21 22:03:35"
331,0,1,55,"repository-advanced-data-entry","repository-advanced-data-entry","Advanced Data Entry users of the notes_test_1498082615 repository","admin","admin","2017-06-21 22:03:35","2017-06-21 22:03:35","2017-06-21 22:03:35"
332,0,1,55,"repository-basic-data-entry","repository-basic-data-entry","Basic Data Entry users of the notes_test_1498082615 repository","admin","admin","2017-06-21 22:03:35","2017-06-21 22:03:35","2017-06-21 22:03:35"
333,0,1,55,"repository-viewers","repository-viewers","Viewers of the notes_test_1498082615 repository","admin","admin","2017-06-21 22:03:35","2017-06-21 22:03:35","2017-06-21 22:03:35"
334,1,1,56,"repository-managers","repository-managers","Managers of the notes_test_1498082692 repository","admin","admin","2017-06-21 22:04:52","2017-06-21 22:04:53","2017-06-21 22:04:53"
335,0,1,56,"repository-archivists","repository-archivists","Archivists of the notes_test_1498082692 repository","admin","admin","2017-06-21 22:04:52","2017-06-21 22:04:52","2017-06-21 22:04:52"
336,0,1,56,"repository-project-managers","repository-project-managers","Project managers of the notes_test_1498082692 repository","admin","admin","2017-06-21 22:04:53","2017-06-21 22:04:53","2017-06-21 22:04:53"
337,0,1,56,"repository-advanced-data-entry","repository-advanced-data-entry","Advanced Data Entry users of the notes_test_1498082692 repository","admin","admin","2017-06-21 22:04:53","2017-06-21 22:04:53","2017-06-21 22:04:53"
338,0,1,56,"repository-basic-data-entry","repository-basic-data-entry","Basic Data Entry users of the notes_test_1498082692 repository","admin","admin","2017-06-21 22:04:53","2017-06-21 22:04:53","2017-06-21 22:04:53"
339,0,1,56,"repository-viewers","repository-viewers","Viewers of the notes_test_1498082692 repository","admin","admin","2017-06-21 22:04:53","2017-06-21 22:04:53","2017-06-21 22:04:53"
340,0,1,57,"repository-managers","repository-managers","Managers of the default_values_test_1498082723 repository","admin","admin","2017-06-21 22:05:23","2017-06-21 22:05:23","2017-06-21 22:05:23"
341,1,1,57,"repository-archivists","repository-archivists","Archivists of the default_values_test_1498082723 repository","admin","admin","2017-06-21 22:05:23","2017-06-21 22:05:24","2017-06-21 22:05:24"
342,0,1,57,"repository-project-managers","repository-project-managers","Project managers of the default_values_test_1498082723 repository","admin","admin","2017-06-21 22:05:23","2017-06-21 22:05:23","2017-06-21 22:05:23"
343,0,1,57,"repository-advanced-data-entry","repository-advanced-data-entry","Advanced Data Entry users of the default_values_test_1498082723 repository","admin","admin","2017-06-21 22:05:23","2017-06-21 22:05:23","2017-06-21 22:05:23"
344,0,1,57,"repository-basic-data-entry","repository-basic-data-entry","Basic Data Entry users of the default_values_test_1498082723 repository","admin","admin","2017-06-21 22:05:23","2017-06-21 22:05:23","2017-06-21 22:05:23"
345,0,1,57,"repository-viewers","repository-viewers","Viewers of the default_values_test_1498082723 repository","admin","admin","2017-06-21 22:05:23","2017-06-21 22:05:23","2017-06-21 22:05:23"
346,0,1,58,"repository-managers","repository-managers","Managers of the do_test_1498082754 repository","admin","admin","2017-06-21 22:05:54","2017-06-21 22:05:54","2017-06-21 22:05:54"
347,0,1,58,"repository-archivists","repository-archivists","Archivists of the do_test_1498082754 repository","admin","admin","2017-06-21 22:05:54","2017-06-21 22:05:54","2017-06-21 22:05:54"
348,0,1,58,"repository-project-managers","repository-project-managers","Project managers of the do_test_1498082754 repository","admin","admin","2017-06-21 22:05:54","2017-06-21 22:05:54","2017-06-21 22:05:54"
349,0,1,58,"repository-advanced-data-entry","repository-advanced-data-entry","Advanced Data Entry users of the do_test_1498082754 repository","admin","admin","2017-06-21 22:05:54","2017-06-21 22:05:54","2017-06-21 22:05:54"
350,0,1,58,"repository-basic-data-entry","repository-basic-data-entry","Basic Data Entry users of the do_test_1498082754 repository","admin","admin","2017-06-21 22:05:54","2017-06-21 22:05:54","2017-06-21 22:05:54"
351,0,1,58,"repository-viewers","repository-viewers","Viewers of the do_test_1498082754 repository","admin","admin","2017-06-21 22:05:54","2017-06-21 22:05:54","2017-06-21 22:05:54"
352,0,1,59,"repository-managers","repository-managers","Managers of the enum_test_1498082754 repository","admin","admin","2017-06-21 22:05:54","2017-06-21 22:05:54","2017-06-21 22:05:54"
353,0,1,59,"repository-archivists","repository-archivists","Archivists of the enum_test_1498082754 repository","admin","admin","2017-06-21 22:05:54","2017-06-21 22:05:54","2017-06-21 22:05:54"
354,0,1,59,"repository-project-managers","repository-project-managers","Project managers of the enum_test_1498082754 repository","admin","admin","2017-06-21 22:05:54","2017-06-21 22:05:54","2017-06-21 22:05:54"
355,0,1,59,"repository-advanced-data-entry","repository-advanced-data-entry","Advanced Data Entry users of the enum_test_1498082754 repository","admin","admin","2017-06-21 22:05:54","2017-06-21 22:05:54","2017-06-21 22:05:54"
356,0,1,59,"repository-basic-data-entry","repository-basic-data-entry","Basic Data Entry users of the enum_test_1498082754 repository","admin","admin","2017-06-21 22:05:54","2017-06-21 22:05:54","2017-06-21 22:05:54"
357,0,1,59,"repository-viewers","repository-viewers","Viewers of the enum_test_1498082754 repository","admin","admin","2017-06-21 22:05:54","2017-06-21 22:05:54","2017-06-21 22:05:54"
358,0,1,60,"repository-managers","repository-managers","Managers of the events_test_1498082757 repository","admin","admin","2017-06-21 22:05:57","2017-06-21 22:05:57","2017-06-21 22:05:57"
359,0,1,60,"repository-archivists","repository-archivists","Archivists of the events_test_1498082757 repository","admin","admin","2017-06-21 22:05:57","2017-06-21 22:05:57","2017-06-21 22:05:57"
360,0,1,60,"repository-project-managers","repository-project-managers","Project managers of the events_test_1498082757 repository","admin","admin","2017-06-21 22:05:57","2017-06-21 22:05:57","2017-06-21 22:05:57"
361,0,1,60,"repository-advanced-data-entry","repository-advanced-data-entry","Advanced Data Entry users of the events_test_1498082757 repository","admin","admin","2017-06-21 22:05:57","2017-06-21 22:05:57","2017-06-21 22:05:57"
362,0,1,60,"repository-basic-data-entry","repository-basic-data-entry","Basic Data Entry users of the events_test_1498082757 repository","admin","admin","2017-06-21 22:05:57","2017-06-21 22:05:57","2017-06-21 22:05:57"
363,0,1,60,"repository-viewers","repository-viewers","Viewers of the events_test_1498082757 repository","admin","admin","2017-06-21 22:05:57","2017-06-21 22:05:57","2017-06-21 22:05:57"
364,0,1,61,"repository-managers","repository-managers","Managers of the groups_test_manage_1498082757 repository","admin","admin","2017-06-21 22:05:58","2017-06-21 22:05:58","2017-06-21 22:05:58"
365,0,1,61,"repository-archivists","repository-archivists","Archivists of the groups_test_manage_1498082757 repository","admin","admin","2017-06-21 22:05:58","2017-06-21 22:05:58","2017-06-21 22:05:58"
366,0,1,61,"repository-project-managers","repository-project-managers","Project managers of the groups_test_manage_1498082757 repository","admin","admin","2017-06-21 22:05:58","2017-06-21 22:05:58","2017-06-21 22:05:58"
367,0,1,61,"repository-advanced-data-entry","repository-advanced-data-entry","Advanced Data Entry users of the groups_test_manage_1498082757 repository","admin","admin","2017-06-21 22:05:58","2017-06-21 22:05:58","2017-06-21 22:05:58"
368,0,1,61,"repository-basic-data-entry","repository-basic-data-entry","Basic Data Entry users of the groups_test_manage_1498082757 repository","admin","admin","2017-06-21 22:05:58","2017-06-21 22:05:58","2017-06-21 22:05:58"
369,0,1,61,"repository-viewers","repository-viewers","Viewers of the groups_test_manage_1498082757 repository","admin","admin","2017-06-21 22:05:58","2017-06-21 22:05:58","2017-06-21 22:05:58"
370,0,1,62,"repository-managers","repository-managers","Managers of the groups_test_view_1498082758 repository","admin","admin","2017-06-21 22:05:58","2017-06-21 22:05:58","2017-06-21 22:05:58"
371,0,1,62,"repository-archivists","repository-archivists","Archivists of the groups_test_view_1498082758 repository","admin","admin","2017-06-21 22:05:58","2017-06-21 22:05:58","2017-06-21 22:05:58"
372,0,1,62,"repository-project-managers","repository-project-managers","Project managers of the groups_test_view_1498082758 repository","admin","admin","2017-06-21 22:05:58","2017-06-21 22:05:58","2017-06-21 22:05:58"
373,0,1,62,"repository-advanced-data-entry","repository-advanced-data-entry","Advanced Data Entry users of the groups_test_view_1498082758 repository","admin","admin","2017-06-21 22:05:58","2017-06-21 22:05:58","2017-06-21 22:05:58"
374,0,1,62,"repository-basic-data-entry","repository-basic-data-entry","Basic Data Entry users of the groups_test_view_1498082758 repository","admin","admin","2017-06-21 22:05:58","2017-06-21 22:05:58","2017-06-21 22:05:58"
375,0,1,62,"repository-viewers","repository-viewers","Viewers of the groups_test_view_1498082758 repository","admin","admin","2017-06-21 22:05:58","2017-06-21 22:05:58","2017-06-21 22:05:58"
376,0,1,63,"repository-managers","repository-managers","Managers of the instances_test_1498082761 repository","admin","admin","2017-06-21 22:06:01","2017-06-21 22:06:01","2017-06-21 22:06:01"
377,0,1,63,"repository-archivists","repository-archivists","Archivists of the instances_test_1498082761 repository","admin","admin","2017-06-21 22:06:01","2017-06-21 22:06:01","2017-06-21 22:06:01"
378,0,1,63,"repository-project-managers","repository-project-managers","Project managers of the instances_test_1498082761 repository","admin","admin","2017-06-21 22:06:01","2017-06-21 22:06:01","2017-06-21 22:06:01"
379,0,1,63,"repository-advanced-data-entry","repository-advanced-data-entry","Advanced Data Entry users of the instances_test_1498082761 repository","admin","admin","2017-06-21 22:06:01","2017-06-21 22:06:01","2017-06-21 22:06:01"
380,0,1,63,"repository-basic-data-entry","repository-basic-data-entry","Basic Data Entry users of the instances_test_1498082761 repository","admin","admin","2017-06-21 22:06:01","2017-06-21 22:06:01","2017-06-21 22:06:01"
381,0,1,63,"repository-viewers","repository-viewers","Viewers of the instances_test_1498082761 repository","admin","admin","2017-06-21 22:06:01","2017-06-21 22:06:01","2017-06-21 22:06:01"
382,0,1,64,"repository-managers","repository-managers","Managers of the jobs_test_1498082761 repository","admin","admin","2017-06-21 22:06:02","2017-06-21 22:06:02","2017-06-21 22:06:02"
383,0,1,64,"repository-archivists","repository-archivists","Archivists of the jobs_test_1498082761 repository","admin","admin","2017-06-21 22:06:02","2017-06-21 22:06:02","2017-06-21 22:06:02"
384,0,1,64,"repository-project-managers","repository-project-managers","Project managers of the jobs_test_1498082761 repository","admin","admin","2017-06-21 22:06:02","2017-06-21 22:06:02","2017-06-21 22:06:02"
385,0,1,64,"repository-advanced-data-entry","repository-advanced-data-entry","Advanced Data Entry users of the jobs_test_1498082761 repository","admin","admin","2017-06-21 22:06:02","2017-06-21 22:06:02","2017-06-21 22:06:02"
386,0,1,64,"repository-basic-data-entry","repository-basic-data-entry","Basic Data Entry users of the jobs_test_1498082761 repository","admin","admin","2017-06-21 22:06:02","2017-06-21 22:06:02","2017-06-21 22:06:02"
387,0,1,64,"repository-viewers","repository-viewers","Viewers of the jobs_test_1498082761 repository","admin","admin","2017-06-21 22:06:02","2017-06-21 22:06:02","2017-06-21 22:06:02"
388,1,1,65,"repository-managers","repository-managers","Managers of the locations_test_1498082762 repository","admin","admin","2017-06-21 22:06:02","2017-06-21 22:06:03","2017-06-21 22:06:03"
389,1,1,65,"repository-archivists","repository-archivists","Archivists of the locations_test_1498082762 repository","admin","admin","2017-06-21 22:06:02","2017-06-21 22:06:03","2017-06-21 22:06:03"
390,0,1,65,"repository-project-managers","repository-project-managers","Project managers of the locations_test_1498082762 repository","admin","admin","2017-06-21 22:06:02","2017-06-21 22:06:02","2017-06-21 22:06:02"
391,0,1,65,"repository-advanced-data-entry","repository-advanced-data-entry","Advanced Data Entry users of the locations_test_1498082762 repository","admin","admin","2017-06-21 22:06:02","2017-06-21 22:06:02","2017-06-21 22:06:02"
392,0,1,65,"repository-basic-data-entry","repository-basic-data-entry","Basic Data Entry users of the locations_test_1498082762 repository","admin","admin","2017-06-21 22:06:02","2017-06-21 22:06:02","2017-06-21 22:06:02"
393,0,1,65,"repository-viewers","repository-viewers","Viewers of the locations_test_1498082762 repository","admin","admin","2017-06-21 22:06:02","2017-06-21 22:06:02","2017-06-21 22:06:02"
394,0,1,66,"repository-managers","repository-managers","Managers of the testrepo_1_1498082956 repository","admin","admin","2017-06-21 22:09:16","2017-06-21 22:09:16","2017-06-21 22:09:16"
395,0,1,66,"repository-archivists","repository-archivists","Archivists of the testrepo_1_1498082956 repository","admin","admin","2017-06-21 22:09:16","2017-06-21 22:09:16","2017-06-21 22:09:16"
396,0,1,66,"repository-project-managers","repository-project-managers","Project managers of the testrepo_1_1498082956 repository","admin","admin","2017-06-21 22:09:16","2017-06-21 22:09:16","2017-06-21 22:09:16"
397,0,1,66,"repository-advanced-data-entry","repository-advanced-data-entry","Advanced Data Entry users of the testrepo_1_1498082956 repository","admin","admin","2017-06-21 22:09:16","2017-06-21 22:09:16","2017-06-21 22:09:16"
398,0,1,66,"repository-basic-data-entry","repository-basic-data-entry","Basic Data Entry users of the testrepo_1_1498082956 repository","admin","admin","2017-06-21 22:09:16","2017-06-21 22:09:16","2017-06-21 22:09:16"
399,0,1,66,"repository-viewers","repository-viewers","Viewers of the testrepo_1_1498082956 repository","admin","admin","2017-06-21 22:09:16","2017-06-21 22:09:16","2017-06-21 22:09:16"
400,0,1,67,"repository-managers","repository-managers","Managers of the transfer_test_1498082958 repository","admin","admin","2017-06-21 22:09:18","2017-06-21 22:09:18","2017-06-21 22:09:18"
401,0,1,67,"repository-archivists","repository-archivists","Archivists of the transfer_test_1498082958 repository","admin","admin","2017-06-21 22:09:18","2017-06-21 22:09:18","2017-06-21 22:09:18"
402,0,1,67,"repository-project-managers","repository-project-managers","Project managers of the transfer_test_1498082958 repository","admin","admin","2017-06-21 22:09:18","2017-06-21 22:09:18","2017-06-21 22:09:18"
403,0,1,67,"repository-advanced-data-entry","repository-advanced-data-entry","Advanced Data Entry users of the transfer_test_1498082958 repository","admin","admin","2017-06-21 22:09:18","2017-06-21 22:09:18","2017-06-21 22:09:18"
404,0,1,67,"repository-basic-data-entry","repository-basic-data-entry","Basic Data Entry users of the transfer_test_1498082958 repository","admin","admin","2017-06-21 22:09:18","2017-06-21 22:09:18","2017-06-21 22:09:18"
405,0,1,67,"repository-viewers","repository-viewers","Viewers of the transfer_test_1498082958 repository","admin","admin","2017-06-21 22:09:18","2017-06-21 22:09:18","2017-06-21 22:09:18"
406,0,1,68,"repository-managers","repository-managers","Managers of the transfer_test_target_1498082958 repository","admin","admin","2017-06-21 22:09:18","2017-06-21 22:09:18","2017-06-21 22:09:18"
407,0,1,68,"repository-archivists","repository-archivists","Archivists of the transfer_test_target_1498082958 repository","admin","admin","2017-06-21 22:09:18","2017-06-21 22:09:18","2017-06-21 22:09:18"
408,0,1,68,"repository-project-managers","repository-project-managers","Project managers of the transfer_test_target_1498082958 repository","admin","admin","2017-06-21 22:09:18","2017-06-21 22:09:18","2017-06-21 22:09:18"
409,0,1,68,"repository-advanced-data-entry","repository-advanced-data-entry","Advanced Data Entry users of the transfer_test_target_1498082958 repository","admin","admin","2017-06-21 22:09:18","2017-06-21 22:09:18","2017-06-21 22:09:18"
410,0,1,68,"repository-basic-data-entry","repository-basic-data-entry","Basic Data Entry users of the transfer_test_target_1498082958 repository","admin","admin","2017-06-21 22:09:18","2017-06-21 22:09:18","2017-06-21 22:09:18"
411,0,1,68,"repository-viewers","repository-viewers","Viewers of the transfer_test_target_1498082958 repository","admin","admin","2017-06-21 22:09:18","2017-06-21 22:09:18","2017-06-21 22:09:18"
412,0,1,69,"repository-managers","repository-managers","Managers of the notes_test_1498082965 repository","admin","admin","2017-06-21 22:09:25","2017-06-21 22:09:25","2017-06-21 22:09:25"
413,0,1,69,"repository-archivists","repository-archivists","Archivists of the notes_test_1498082965 repository","admin","admin","2017-06-21 22:09:25","2017-06-21 22:09:25","2017-06-21 22:09:25"
414,0,1,69,"repository-project-managers","repository-project-managers","Project managers of the notes_test_1498082965 repository","admin","admin","2017-06-21 22:09:25","2017-06-21 22:09:25","2017-06-21 22:09:25"
415,0,1,69,"repository-advanced-data-entry","repository-advanced-data-entry","Advanced Data Entry users of the notes_test_1498082965 repository","admin","admin","2017-06-21 22:09:25","2017-06-21 22:09:25","2017-06-21 22:09:25"
416,0,1,69,"repository-basic-data-entry","repository-basic-data-entry","Basic Data Entry users of the notes_test_1498082965 repository","admin","admin","2017-06-21 22:09:25","2017-06-21 22:09:25","2017-06-21 22:09:25"
417,0,1,69,"repository-viewers","repository-viewers","Viewers of the notes_test_1498082965 repository","admin","admin","2017-06-21 22:09:25","2017-06-21 22:09:25","2017-06-21 22:09:25"
418,0,1,70,"repository-managers","repository-managers","Managers of the pagination_test_1498082965 repository","admin","admin","2017-06-21 22:09:25","2017-06-21 22:09:25","2017-06-21 22:09:25"
419,0,1,70,"repository-archivists","repository-archivists","Archivists of the pagination_test_1498082965 repository","admin","admin","2017-06-21 22:09:25","2017-06-21 22:09:25","2017-06-21 22:09:25"
420,0,1,70,"repository-project-managers","repository-project-managers","Project managers of the pagination_test_1498082965 repository","admin","admin","2017-06-21 22:09:25","2017-06-21 22:09:25","2017-06-21 22:09:25"
421,0,1,70,"repository-advanced-data-entry","repository-advanced-data-entry","Advanced Data Entry users of the pagination_test_1498082965 repository","admin","admin","2017-06-21 22:09:25","2017-06-21 22:09:25","2017-06-21 22:09:25"
422,0,1,70,"repository-basic-data-entry","repository-basic-data-entry","Basic Data Entry users of the pagination_test_1498082965 repository","admin","admin","2017-06-21 22:09:25","2017-06-21 22:09:25","2017-06-21 22:09:25"
423,0,1,70,"repository-viewers","repository-viewers","Viewers of the pagination_test_1498082965 repository","admin","admin","2017-06-21 22:09:25","2017-06-21 22:09:25","2017-06-21 22:09:25"
424,0,1,71,"repository-managers","repository-managers","Managers of the perm_test_1498082965 repository","admin","admin","2017-06-21 22:09:25","2017-06-21 22:09:25","2017-06-21 22:09:25"
425,1,1,71,"repository-archivists","repository-archivists","Archivists of the perm_test_1498082965 repository","admin","admin","2017-06-21 22:09:25","2017-06-21 22:09:26","2017-06-21 22:09:26"
426,0,1,71,"repository-project-managers","repository-project-managers","Project managers of the perm_test_1498082965 repository","admin","admin","2017-06-21 22:09:25","2017-06-21 22:09:25","2017-06-21 22:09:25"
427,0,1,71,"repository-advanced-data-entry","repository-advanced-data-entry","Advanced Data Entry users of the perm_test_1498082965 repository","admin","admin","2017-06-21 22:09:25","2017-06-21 22:09:25","2017-06-21 22:09:25"
428,0,1,71,"repository-basic-data-entry","repository-basic-data-entry","Basic Data Entry users of the perm_test_1498082965 repository","admin","admin","2017-06-21 22:09:25","2017-06-21 22:09:25","2017-06-21 22:09:25"
429,0,1,71,"repository-viewers","repository-viewers","Viewers of the perm_test_1498082965 repository","admin","admin","2017-06-21 22:09:25","2017-06-21 22:09:25","2017-06-21 22:09:25"
430,0,1,72,"repository-managers","repository-managers","Managers of the rde_test_1498083025 repository","admin","admin","2017-06-21 22:10:26","2017-06-21 22:10:26","2017-06-21 22:10:26"
431,1,1,72,"repository-archivists","repository-archivists","Archivists of the rde_test_1498083025 repository","admin","admin","2017-06-21 22:10:26","2017-06-21 22:10:26","2017-06-21 22:10:26"
432,0,1,72,"repository-project-managers","repository-project-managers","Project managers of the rde_test_1498083025 repository","admin","admin","2017-06-21 22:10:26","2017-06-21 22:10:26","2017-06-21 22:10:26"
433,0,1,72,"repository-advanced-data-entry","repository-advanced-data-entry","Advanced Data Entry users of the rde_test_1498083025 repository","admin","admin","2017-06-21 22:10:26","2017-06-21 22:10:26","2017-06-21 22:10:26"
434,0,1,72,"repository-basic-data-entry","repository-basic-data-entry","Basic Data Entry users of the rde_test_1498083025 repository","admin","admin","2017-06-21 22:10:26","2017-06-21 22:10:26","2017-06-21 22:10:26"
435,0,1,72,"repository-viewers","repository-viewers","Viewers of the rde_test_1498083025 repository","admin","admin","2017-06-21 22:10:26","2017-06-21 22:10:26","2017-06-21 22:10:26"
436,0,1,73,"repository-managers","repository-managers","Managers of the rde_test_1498083033 repository","admin","admin","2017-06-21 22:10:33","2017-06-21 22:10:33","2017-06-21 22:10:33"
437,1,1,73,"repository-archivists","repository-archivists","Archivists of the rde_test_1498083033 repository","admin","admin","2017-06-21 22:10:33","2017-06-21 22:10:34","2017-06-21 22:10:34"
438,0,1,73,"repository-project-managers","repository-project-managers","Project managers of the rde_test_1498083033 repository","admin","admin","2017-06-21 22:10:33","2017-06-21 22:10:33","2017-06-21 22:10:33"
439,0,1,73,"repository-advanced-data-entry","repository-advanced-data-entry","Advanced Data Entry users of the rde_test_1498083033 repository","admin","admin","2017-06-21 22:10:33","2017-06-21 22:10:33","2017-06-21 22:10:33"
440,0,1,73,"repository-basic-data-entry","repository-basic-data-entry","Basic Data Entry users of the rde_test_1498083033 repository","admin","admin","2017-06-21 22:10:33","2017-06-21 22:10:33","2017-06-21 22:10:33"
441,0,1,73,"repository-viewers","repository-viewers","Viewers of the rde_test_1498083033 repository","admin","admin","2017-06-21 22:10:33","2017-06-21 22:10:33","2017-06-21 22:10:33"
442,0,1,74,"repository-managers","repository-managers","Managers of the testrepo_2_1498083034 repository","admin","admin","2017-06-21 22:10:34","2017-06-21 22:10:34","2017-06-21 22:10:34"
443,0,1,74,"repository-archivists","repository-archivists","Archivists of the testrepo_2_1498083034 repository","admin","admin","2017-06-21 22:10:34","2017-06-21 22:10:34","2017-06-21 22:10:34"
444,0,1,74,"repository-project-managers","repository-project-managers","Project managers of the testrepo_2_1498083034 repository","admin","admin","2017-06-21 22:10:34","2017-06-21 22:10:34","2017-06-21 22:10:34"
445,0,1,74,"repository-advanced-data-entry","repository-advanced-data-entry","Advanced Data Entry users of the testrepo_2_1498083034 repository","admin","admin","2017-06-21 22:10:34","2017-06-21 22:10:34","2017-06-21 22:10:34"
446,0,1,74,"repository-basic-data-entry","repository-basic-data-entry","Basic Data Entry users of the testrepo_2_1498083034 repository","admin","admin","2017-06-21 22:10:34","2017-06-21 22:10:34","2017-06-21 22:10:34"
447,0,1,74,"repository-viewers","repository-viewers","Viewers of the testrepo_2_1498083034 repository","admin","admin","2017-06-21 22:10:34","2017-06-21 22:10:34","2017-06-21 22:10:34"
448,1,1,75,"repository-managers","repository-managers","Managers of the lifecycle_test_1498083034 repository","admin","admin","2017-06-21 22:10:34","2017-06-21 22:10:35","2017-06-21 22:10:35"
449,1,1,75,"repository-archivists","repository-archivists","Archivists of the lifecycle_test_1498083034 repository","admin","admin","2017-06-21 22:10:34","2017-06-21 22:10:35","2017-06-21 22:10:35"
450,0,1,75,"repository-project-managers","repository-project-managers","Project managers of the lifecycle_test_1498083034 repository","admin","admin","2017-06-21 22:10:34","2017-06-21 22:10:34","2017-06-21 22:10:34"
451,0,1,75,"repository-advanced-data-entry","repository-advanced-data-entry","Advanced Data Entry users of the lifecycle_test_1498083034 repository","admin","admin","2017-06-21 22:10:34","2017-06-21 22:10:34","2017-06-21 22:10:34"
452,0,1,75,"repository-basic-data-entry","repository-basic-data-entry","Basic Data Entry users of the lifecycle_test_1498083034 repository","admin","admin","2017-06-21 22:10:34","2017-06-21 22:10:34","2017-06-21 22:10:34"
453,0,1,75,"repository-viewers","repository-viewers","Viewers of the lifecycle_test_1498083034 repository","admin","admin","2017-06-21 22:10:34","2017-06-21 22:10:34","2017-06-21 22:10:34"
454,0,1,76,"repository-managers","repository-managers","Managers of the testrepo_3_1498083045 repository","admin","admin","2017-06-21 22:10:45","2017-06-21 22:10:45","2017-06-21 22:10:45"
455,0,1,76,"repository-archivists","repository-archivists","Archivists of the testrepo_3_1498083045 repository","admin","admin","2017-06-21 22:10:45","2017-06-21 22:10:45","2017-06-21 22:10:45"
456,0,1,76,"repository-project-managers","repository-project-managers","Project managers of the testrepo_3_1498083045 repository","admin","admin","2017-06-21 22:10:45","2017-06-21 22:10:45","2017-06-21 22:10:45"
457,0,1,76,"repository-advanced-data-entry","repository-advanced-data-entry","Advanced Data Entry users of the testrepo_3_1498083045 repository","admin","admin","2017-06-21 22:10:45","2017-06-21 22:10:45","2017-06-21 22:10:45"
458,0,1,76,"repository-basic-data-entry","repository-basic-data-entry","Basic Data Entry users of the testrepo_3_1498083045 repository","admin","admin","2017-06-21 22:10:45","2017-06-21 22:10:45","2017-06-21 22:10:45"
459,0,1,76,"repository-viewers","repository-viewers","Viewers of the testrepo_3_1498083045 repository","admin","admin","2017-06-21 22:10:45","2017-06-21 22:10:45","2017-06-21 22:10:45"
460,0,1,77,"repository-managers","repository-managers","Managers of the search_test_1498083045 repository","admin","admin","2017-06-21 22:10:45","2017-06-21 22:10:45","2017-06-21 22:10:45"
461,0,1,77,"repository-archivists","repository-archivists","Archivists of the search_test_1498083045 repository","admin","admin","2017-06-21 22:10:45","2017-06-21 22:10:45","2017-06-21 22:10:45"
462,0,1,77,"repository-project-managers","repository-project-managers","Project managers of the search_test_1498083045 repository","admin","admin","2017-06-21 22:10:45","2017-06-21 22:10:45","2017-06-21 22:10:45"
463,0,1,77,"repository-advanced-data-entry","repository-advanced-data-entry","Advanced Data Entry users of the search_test_1498083045 repository","admin","admin","2017-06-21 22:10:45","2017-06-21 22:10:45","2017-06-21 22:10:45"
464,0,1,77,"repository-basic-data-entry","repository-basic-data-entry","Basic Data Entry users of the search_test_1498083045 repository","admin","admin","2017-06-21 22:10:45","2017-06-21 22:10:45","2017-06-21 22:10:45"
465,0,1,77,"repository-viewers","repository-viewers","Viewers of the search_test_1498083045 repository","admin","admin","2017-06-21 22:10:45","2017-06-21 22:10:45","2017-06-21 22:10:45"
466,0,1,78,"repository-managers","repository-managers","Managers of the adv_search_test_1498083045 repository","admin","admin","2017-06-21 22:10:45","2017-06-21 22:10:45","2017-06-21 22:10:45"
467,0,1,78,"repository-archivists","repository-archivists","Archivists of the adv_search_test_1498083045 repository","admin","admin","2017-06-21 22:10:45","2017-06-21 22:10:45","2017-06-21 22:10:45"
468,0,1,78,"repository-project-managers","repository-project-managers","Project managers of the adv_search_test_1498083045 repository","admin","admin","2017-06-21 22:10:45","2017-06-21 22:10:45","2017-06-21 22:10:45"
469,0,1,78,"repository-advanced-data-entry","repository-advanced-data-entry","Advanced Data Entry users of the adv_search_test_1498083045 repository","admin","admin","2017-06-21 22:10:45","2017-06-21 22:10:45","2017-06-21 22:10:45"
470,0,1,78,"repository-basic-data-entry","repository-basic-data-entry","Basic Data Entry users of the adv_search_test_1498083045 repository","admin","admin","2017-06-21 22:10:45","2017-06-21 22:10:45","2017-06-21 22:10:45"
471,0,1,78,"repository-viewers","repository-viewers","Viewers of the adv_search_test_1498083045 repository","admin","admin","2017-06-21 22:10:45","2017-06-21 22:10:45","2017-06-21 22:10:45"
472,1,1,79,"repository-managers","repository-managers","Managers of the space_calculator_1498083045 repository","admin","admin","2017-06-21 22:10:45","2017-06-21 22:10:46","2017-06-21 22:10:46"
473,0,1,79,"repository-archivists","repository-archivists","Archivists of the space_calculator_1498083045 repository","admin","admin","2017-06-21 22:10:45","2017-06-21 22:10:45","2017-06-21 22:10:45"
474,0,1,79,"repository-project-managers","repository-project-managers","Project managers of the space_calculator_1498083045 repository","admin","admin","2017-06-21 22:10:45","2017-06-21 22:10:45","2017-06-21 22:10:45"
475,0,1,79,"repository-advanced-data-entry","repository-advanced-data-entry","Advanced Data Entry users of the space_calculator_1498083045 repository","admin","admin","2017-06-21 22:10:45","2017-06-21 22:10:45","2017-06-21 22:10:45"
476,0,1,79,"repository-basic-data-entry","repository-basic-data-entry","Basic Data Entry users of the space_calculator_1498083045 repository","admin","admin","2017-06-21 22:10:45","2017-06-21 22:10:45","2017-06-21 22:10:45"
477,0,1,79,"repository-viewers","repository-viewers","Viewers of the space_calculator_1498083045 repository","admin","admin","2017-06-21 22:10:45","2017-06-21 22:10:45","2017-06-21 22:10:45"
478,0,1,80,"repository-managers","repository-managers","Managers of the testrepo_4_1498083058 repository","admin","admin","2017-06-21 22:10:58","2017-06-21 22:10:58","2017-06-21 22:10:58"
479,1,1,80,"repository-archivists","repository-archivists","Archivists of the testrepo_4_1498083058 repository","admin","admin","2017-06-21 22:10:58","2017-06-21 22:10:59","2017-06-21 22:10:59"
480,0,1,80,"repository-project-managers","repository-project-managers","Project managers of the testrepo_4_1498083058 repository","admin","admin","2017-06-21 22:10:58","2017-06-21 22:10:58","2017-06-21 22:10:58"
481,0,1,80,"repository-advanced-data-entry","repository-advanced-data-entry","Advanced Data Entry users of the testrepo_4_1498083058 repository","admin","admin","2017-06-21 22:10:58","2017-06-21 22:10:58","2017-06-21 22:10:58"
482,0,1,80,"repository-basic-data-entry","repository-basic-data-entry","Basic Data Entry users of the testrepo_4_1498083058 repository","admin","admin","2017-06-21 22:10:58","2017-06-21 22:10:58","2017-06-21 22:10:58"
483,0,1,80,"repository-viewers","repository-viewers","Viewers of the testrepo_4_1498083058 repository","admin","admin","2017-06-21 22:10:58","2017-06-21 22:10:58","2017-06-21 22:10:58"
484,0,1,81,"repository-managers","repository-managers","Managers of the testrepo_5_1498083782 repository","admin","admin","2017-06-21 22:23:02","2017-06-21 22:23:02","2017-06-21 22:23:02"
485,1,1,81,"repository-archivists","repository-archivists","Archivists of the testrepo_5_1498083782 repository","admin","admin","2017-06-21 22:23:02","2017-06-21 22:23:03","2017-06-21 22:23:03"
486,0,1,81,"repository-project-managers","repository-project-managers","Project managers of the testrepo_5_1498083782 repository","admin","admin","2017-06-21 22:23:02","2017-06-21 22:23:02","2017-06-21 22:23:02"
487,0,1,81,"repository-advanced-data-entry","repository-advanced-data-entry","Advanced Data Entry users of the testrepo_5_1498083782 repository","admin","admin","2017-06-21 22:23:02","2017-06-21 22:23:02","2017-06-21 22:23:02"
488,0,1,81,"repository-basic-data-entry","repository-basic-data-entry","Basic Data Entry users of the testrepo_5_1498083782 repository","admin","admin","2017-06-21 22:23:02","2017-06-21 22:23:02","2017-06-21 22:23:02"
489,0,1,81,"repository-viewers","repository-viewers","Viewers of the testrepo_5_1498083782 repository","admin","admin","2017-06-21 22:23:02","2017-06-21 22:23:02","2017-06-21 22:23:02"
490,0,1,82,"repository-managers","repository-managers","Managers of the trees_test_1498083839 repository","admin","admin","2017-06-21 22:23:59","2017-06-21 22:23:59","2017-06-21 22:23:59"
491,0,1,82,"repository-archivists","repository-archivists","Archivists of the trees_test_1498083839 repository","admin","admin","2017-06-21 22:23:59","2017-06-21 22:23:59","2017-06-21 22:23:59"
492,0,1,82,"repository-project-managers","repository-project-managers","Project managers of the trees_test_1498083839 repository","admin","admin","2017-06-21 22:23:59","2017-06-21 22:23:59","2017-06-21 22:23:59"
493,0,1,82,"repository-advanced-data-entry","repository-advanced-data-entry","Advanced Data Entry users of the trees_test_1498083839 repository","admin","admin","2017-06-21 22:23:59","2017-06-21 22:23:59","2017-06-21 22:23:59"
494,0,1,82,"repository-basic-data-entry","repository-basic-data-entry","Basic Data Entry users of the trees_test_1498083839 repository","admin","admin","2017-06-21 22:23:59","2017-06-21 22:23:59","2017-06-21 22:23:59"
495,1,1,82,"repository-viewers","repository-viewers","Viewers of the trees_test_1498083839 repository","admin","admin","2017-06-21 22:23:59","2017-06-21 22:24:00","2017-06-21 22:24:00"
496,0,1,83,"repository-managers","repository-managers","Managers of the user_pref_test_1498083852 repository","admin","admin","2017-06-21 22:24:12","2017-06-21 22:24:12","2017-06-21 22:24:12"
497,0,1,83,"repository-archivists","repository-archivists","Archivists of the user_pref_test_1498083852 repository","admin","admin","2017-06-21 22:24:12","2017-06-21 22:24:12","2017-06-21 22:24:12"
498,0,1,83,"repository-project-managers","repository-project-managers","Project managers of the user_pref_test_1498083852 repository","admin","admin","2017-06-21 22:24:12","2017-06-21 22:24:12","2017-06-21 22:24:12"
499,0,1,83,"repository-advanced-data-entry","repository-advanced-data-entry","Advanced Data Entry users of the user_pref_test_1498083852 repository","admin","admin","2017-06-21 22:24:12","2017-06-21 22:24:12","2017-06-21 22:24:12"
500,0,1,83,"repository-basic-data-entry","repository-basic-data-entry","Basic Data Entry users of the user_pref_test_1498083852 repository","admin","admin","2017-06-21 22:24:12","2017-06-21 22:24:12","2017-06-21 22:24:12"
501,0,1,83,"repository-viewers","repository-viewers","Viewers of the user_pref_test_1498083852 repository","admin","admin","2017-06-21 22:24:12","2017-06-21 22:24:12","2017-06-21 22:24:12"
