id,lock_version,json_schema_version,agent_corporate_entity_id,"primary_name","subordinate_name_1","subordinate_name_2","number","dates","qualifier",source_id,rules_id,"sort_name",sort_name_auto_generate,"created_by","last_modified_by","create_time","system_mtime","user_mtime",authorized,is_display_name
2,0,1,2,"Test, Inc.",NULL,NULL,NULL,NULL,NULL,236,NULL,"Test, Inc.",1,"admin","admin","2015-12-17 22:35:06","2015-12-17 22:35:06","2015-12-17 22:35:06",1,1
5,0,1,4,"Mexico. Comisión de Límites.",NULL,NULL,NULL,NULL,NULL,1802,NULL,"Mexico. Comisión de Límites.",1,"admin","admin","2016-01-24 13:21:28","2016-01-24 13:21:28","2016-01-24 13:21:28",1,1
6,0,1,5,"Great Northern Paper Company",NULL,NULL,NULL,NULL,NULL,1840,NULL,"Great Northern Paper Company",1,"admin","admin","2016-01-28 12:59:14","2016-01-28 12:59:14","2016-01-28 12:59:14",1,1
7,0,1,6,"Current Events Club (Gardiner, Me.)",NULL,NULL,NULL,NULL,NULL,1840,1846,"Current Events Club (Gardiner, Me.)",1,"admin","admin","2016-01-28 12:59:38","2016-01-28 12:59:38","2016-01-28 12:59:38",1,1
8,0,1,7,"Maine Federation of Women's Clubs",NULL,NULL,NULL,NULL,NULL,1845,1846,"Maine Federation of Women's Clubs",1,"admin","admin","2016-01-28 12:59:38","2016-01-28 12:59:38","2016-01-28 12:59:38",1,1
9,0,1,8,"Pillsbury Flour Mills Company",NULL,NULL,NULL,NULL,NULL,1802,NULL,"Pillsbury Flour Mills Company",1,"admin","admin","2016-02-03 16:29:11","2016-02-03 16:29:11","2016-02-03 16:29:11",1,1
10,0,1,9,"Fleischmann Company",NULL,NULL,NULL,NULL,NULL,1802,NULL,"Fleischmann Company",1,"admin","admin","2016-02-03 16:29:11","2016-02-03 16:29:11","2016-02-03 16:29:11",1,1
11,0,1,10,"Procter &amp; Gamble Company",NULL,NULL,NULL,NULL,NULL,1802,NULL,"Procter &amp; Gamble Company",1,"admin","admin","2016-02-03 16:29:11","2016-02-03 16:29:11","2016-02-03 16:29:11",1,1
12,0,1,11,"General Electric Company",NULL,NULL,NULL,NULL,NULL,1802,NULL,"General Electric Company",1,"admin","admin","2016-02-03 16:29:11","2016-02-03 16:29:11","2016-02-03 16:29:11",1,1
13,0,1,12,"Quaker Oats Company",NULL,NULL,NULL,NULL,NULL,1802,NULL,"Quaker Oats Company",1,"admin","admin","2016-02-03 16:29:11","2016-02-03 16:29:11","2016-02-03 16:29:11",1,1
14,0,1,13,"General Foods Corporation",NULL,NULL,NULL,NULL,NULL,1802,NULL,"General Foods Corporation",1,"admin","admin","2016-02-03 16:29:11","2016-02-03 16:29:11","2016-02-03 16:29:11",1,1
15,0,1,14,"R.T. French Company",NULL,NULL,NULL,NULL,NULL,1802,NULL,"R.T. French Company",1,"admin","admin","2016-02-03 16:29:11","2016-02-03 16:29:11","2016-02-03 16:29:11",1,1
16,0,1,15,"General Mills, Inc",NULL,NULL,NULL,NULL,NULL,1802,NULL,"General Mills, Inc",1,"admin","admin","2016-02-03 16:29:11","2016-02-03 16:29:11","2016-02-03 16:29:11",1,1
17,0,1,16,"Del Monte Corporation",NULL,NULL,NULL,NULL,NULL,1802,NULL,"Del Monte Corporation",1,"admin","admin","2016-02-03 16:29:11","2016-02-03 16:29:11","2016-02-03 16:29:11",1,1
18,0,1,17,"Lever Brothers Company",NULL,NULL,NULL,NULL,NULL,1802,NULL,"Lever Brothers Company",1,"admin","admin","2016-02-03 16:29:11","2016-02-03 16:29:11","2016-02-03 16:29:11",1,1
19,0,1,18,"Metropolitan Life Insurance Company",NULL,NULL,NULL,NULL,NULL,1802,NULL,"Metropolitan Life Insurance Company",1,"admin","admin","2016-02-03 16:29:12","2016-02-03 16:29:12","2016-02-03 16:29:12",1,1
20,0,1,19,"Nestlé Company",NULL,NULL,NULL,NULL,NULL,1802,NULL,"Nestlé Company",1,"admin","admin","2016-02-03 16:29:12","2016-02-03 16:29:12","2016-02-03 16:29:12",1,1
21,0,1,20,"Pet Milk Company",NULL,NULL,NULL,NULL,NULL,1802,NULL,"Pet Milk Company",1,"admin","admin","2016-02-03 16:29:12","2016-02-03 16:29:12","2016-02-03 16:29:12",1,1
22,0,1,21,"Duke Power Company",NULL,NULL,NULL,NULL,NULL,1802,NULL,"Duke Power Company",1,"admin","admin","2016-02-03 16:29:12","2016-02-03 16:29:12","2016-02-03 16:29:12",1,1
23,0,1,22,"Walter Baker &amp; Company",NULL,NULL,NULL,NULL,NULL,1802,NULL,"Walter Baker &amp; Company",1,"admin","admin","2016-02-03 16:29:12","2016-02-03 16:29:12","2016-02-03 16:29:12",1,1
24,0,1,23,"John W. Hartman Center for Sales, Advertising &amp; Marketing History",NULL,NULL,NULL,NULL,NULL,1802,NULL,"John W. Hartman Center for Sales, Advertising &amp; Marketing History",1,"admin","admin","2016-02-03 16:29:12","2016-02-03 16:29:12","2016-02-03 16:29:12",1,1
25,0,1,24,"West Bend Company",NULL,NULL,NULL,NULL,NULL,1802,NULL,"West Bend Company",1,"admin","admin","2016-02-03 16:29:12","2016-02-03 16:29:12","2016-02-03 16:29:12",1,1
26,0,1,25,"Kellogg Company",NULL,NULL,NULL,NULL,NULL,1802,NULL,"Kellogg Company",1,"admin","admin","2016-02-03 16:29:12","2016-02-03 16:29:12","2016-02-03 16:29:12",1,1
27,0,1,26,"Kraft Foods Company",NULL,NULL,NULL,NULL,NULL,1802,NULL,"Kraft Foods Company",1,"admin","admin","2016-02-03 16:29:12","2016-02-03 16:29:12","2016-02-03 16:29:12",1,1
28,0,1,27,"Land O'Lakes Creameries",NULL,NULL,NULL,NULL,NULL,1802,NULL,"Land O'Lakes Creameries",1,"admin","admin","2016-02-03 16:29:12","2016-02-03 16:29:12","2016-02-03 16:29:12",1,1
29,0,1,28,"Ralston Purina Company",NULL,NULL,NULL,NULL,NULL,1802,NULL,"Ralston Purina Company",1,"admin","admin","2016-02-03 16:29:12","2016-02-03 16:29:12","2016-02-03 16:29:12",1,1
30,0,1,29,"H.J. Heinz Company",NULL,NULL,NULL,NULL,NULL,1802,NULL,"H.J. Heinz Company",1,"admin","admin","2016-02-03 16:29:12","2016-02-03 16:29:12","2016-02-03 16:29:12",1,1
31,0,1,30,"Sealtest, Inc.",NULL,NULL,NULL,NULL,NULL,1802,NULL,"Sealtest, Inc.",1,"admin","admin","2016-02-03 16:29:12","2016-02-03 16:29:12","2016-02-03 16:29:12",1,1
32,0,1,31,"Hershey Foods Corporation",NULL,NULL,NULL,NULL,NULL,1802,NULL,"Hershey Foods Corporation",1,"admin","admin","2016-02-03 16:29:12","2016-02-03 16:29:12","2016-02-03 16:29:12",1,1
33,0,1,32,"Swift &amp; Company",NULL,NULL,NULL,NULL,NULL,1802,NULL,"Swift &amp; Company",1,"admin","admin","2016-02-03 16:29:12","2016-02-03 16:29:12","2016-02-03 16:29:12",1,1
34,0,1,33,"Jell-O Company",NULL,NULL,NULL,NULL,NULL,1802,NULL,"Jell-O Company",1,"admin","admin","2016-02-03 16:29:12","2016-02-03 16:29:12","2016-02-03 16:29:12",1,1
35,0,1,34,"Thomas J. Lipton, Inc.",NULL,NULL,NULL,NULL,NULL,1802,NULL,"Thomas J. Lipton, Inc.",1,"admin","admin","2016-02-03 16:29:12","2016-02-03 16:29:12","2016-02-03 16:29:12",1,1
36,0,1,35,"John Oster Manufacturing Company",NULL,NULL,NULL,NULL,NULL,1802,NULL,"John Oster Manufacturing Company",1,"admin","admin","2016-02-03 16:29:12","2016-02-03 16:29:12","2016-02-03 16:29:12",1,1
37,0,1,36,"Borden Company",NULL,NULL,NULL,NULL,NULL,1802,NULL,"Borden Company",1,"admin","admin","2016-02-03 16:29:12","2016-02-03 16:29:12","2016-02-03 16:29:12",1,1
38,0,1,37,"Best Foods, Inc.",NULL,NULL,NULL,NULL,NULL,1802,NULL,"Best Foods, Inc.",1,"admin","admin","2016-02-03 16:29:12","2016-02-03 16:29:12","2016-02-03 16:29:12",1,1
39,0,1,38,"Carnation Company",NULL,NULL,NULL,NULL,NULL,1802,NULL,"Carnation Company",1,"admin","admin","2016-02-03 16:29:12","2016-02-03 16:29:12","2016-02-03 16:29:12",1,1
40,0,1,39,"Campbell Soup Company",NULL,NULL,NULL,NULL,NULL,1802,NULL,"Campbell Soup Company",1,"admin","admin","2016-02-03 16:29:12","2016-02-03 16:29:12","2016-02-03 16:29:12",1,1
41,0,1,40,"Armour and Company",NULL,NULL,NULL,NULL,NULL,1802,NULL,"Armour and Company",1,"admin","admin","2016-02-03 16:29:12","2016-02-03 16:29:12","2016-02-03 16:29:12",1,1
42,0,1,41,"A.E. Staley Manufacturing Company",NULL,NULL,NULL,NULL,NULL,1802,NULL,"A.E. Staley Manufacturing Company",1,"admin","admin","2016-02-03 16:29:12","2016-02-03 16:29:12","2016-02-03 16:29:12",1,1
43,0,1,42,"Minnesota Infantry Regiment, 1st. Company D",NULL,NULL,NULL,NULL,NULL,236,242,"Minnesota Infantry Regiment, 1st. Company D",1,"admin","admin","2016-02-04 15:02:11","2016-02-04 15:02:11","2016-02-04 15:02:11",1,1
44,0,1,43,"United Artists (New York, N.Y.)",NULL,NULL,NULL,NULL,NULL,1802,2089,"United Artists (New York, N.Y.)",1,"admin","admin","2016-02-05 21:39:24","2016-02-05 21:39:24","2016-02-05 21:39:24",1,1
45,0,1,44,"United States. Office of War Information.",NULL,NULL,NULL,NULL,NULL,237,NULL,"United States. Office of War Information.",1,"admin","admin","2016-02-10 13:39:41","2016-02-10 13:39:41","2016-02-10 13:39:41",1,1
46,0,1,45,"CNames-PrimaryName-AT. CNames-Subordinate1-AT. CNames-Subordiate2-AT. (CNames-Number-AT) (CNames-Qualifier-AT)",NULL,NULL,NULL,NULL,NULL,237,242,"CNames-PrimaryName-AT. CNames-Subordinate1-AT. CNames-Subordiate2-AT. (CNames-Number-AT) (CNames-Qualifier-AT)",1,"admin","admin","2016-02-11 16:07:46","2016-02-11 16:07:46","2016-02-11 16:07:46",1,1
47,0,1,46,"CNames-PrimaryName-AT. CNames-Subordinate1-AT. CNames-Subordiate2-AT. (CNames-Number-AT) (CNames-Qualifier-AT) -- Archives",NULL,NULL,NULL,NULL,NULL,237,242,"CNames-PrimaryName-AT. CNames-Subordinate1-AT. CNames-Subordiate2-AT. (CNames-Number-AT) (CNames-Qualifier-AT) -- Archives",1,"admin","admin","2016-02-11 16:07:46","2016-02-11 16:07:46","2016-02-11 16:07:46",1,1
48,0,1,47,"CNames-PrimaryName-AT. CNames-Subordinate1-AT. CNames-Subordiate2-AT. (CNames-Number-AT) (CNames-Qualifier-AT) -- Pictorial works",NULL,NULL,NULL,NULL,NULL,237,242,"CNames-PrimaryName-AT. CNames-Subordinate1-AT. CNames-Subordiate2-AT. (CNames-Number-AT) (CNames-Qualifier-AT) -- Pictorial works",1,"admin","admin","2016-02-11 16:07:47","2016-02-11 16:07:47","2016-02-11 16:07:47",1,1
49,0,1,48,"CNames-PrimaryName-AT. CNames-Subordinate1-AT. CNames-Subordiate2-AT. (CNames-Number-AT) (CNames-Qualifier-AT) -- History-Sources",NULL,NULL,NULL,NULL,NULL,237,242,"CNames-PrimaryName-AT. CNames-Subordinate1-AT. CNames-Subordiate2-AT. (CNames-Number-AT) (CNames-Qualifier-AT) -- History-Sources",1,"admin","admin","2016-02-11 16:07:48","2016-02-11 16:07:48","2016-02-11 16:07:48",1,1
50,0,1,49,"SCUA",NULL,NULL,NULL,NULL,NULL,236,NULL,"SCUA",1,"admin","admin","2016-02-22 01:44:07","2016-02-22 01:44:07","2016-02-22 01:44:07",1,1
51,0,1,50,"Test",NULL,NULL,NULL,NULL,NULL,236,NULL,"Test",1,"admin","admin","2016-02-23 16:58:41","2016-02-23 16:58:41","2016-02-23 16:58:41",1,1
52,0,1,51,"Duke University. Center for Documentary Studies",NULL,NULL,NULL,NULL,NULL,1802,NULL,"Duke University. Center for Documentary Studies",1,"admin","admin","2016-02-29 19:59:13","2016-02-29 19:59:13","2016-02-29 19:59:13",1,1
53,0,1,52,"Duke University. Center for Documentary Studies",NULL,NULL,NULL,NULL,NULL,2437,NULL,"Duke University. Center for Documentary Studies",1,"admin","admin","2016-02-29 19:59:14","2016-02-29 19:59:14","2016-02-29 19:59:14",1,1
54,0,1,53,"Archive of Documentary Arts (Duke University)",NULL,NULL,NULL,NULL,NULL,2437,NULL,"Archive of Documentary Arts (Duke University)",1,"admin","admin","2016-02-29 19:59:15","2016-02-29 19:59:15","2016-02-29 19:59:15",1,1
55,0,1,54,"University Archives",NULL,NULL,NULL,NULL,NULL,236,NULL,"University Archives",1,"admin","admin","2016-03-03 16:16:06","2016-03-03 16:16:06","2016-03-03 16:16:06",1,1
56,0,1,55,"HUTester",NULL,NULL,NULL,NULL,NULL,236,NULL,"HUTester",1,"admin","admin","2016-03-09 14:55:46","2016-03-09 14:55:46","2016-03-09 14:55:46",1,1
57,0,1,56,"Photo Test repository",NULL,NULL,NULL,NULL,NULL,236,NULL,"Photo Test repository",1,"admin","admin","2016-03-15 18:27:30","2016-03-15 18:27:30","2016-03-15 18:27:30",1,1
58,0,1,57,"University Archives",NULL,NULL,NULL,NULL,NULL,1802,NULL,"University Archives",1,"admin","admin","2016-03-24 15:17:26","2016-03-24 15:17:26","2016-03-24 15:17:26",1,1
59,0,1,58,"International City/County Management Association",NULL,NULL,NULL,NULL,NULL,1802,NULL,"International City/County Management Association",1,"admin","admin","2016-03-24 15:17:26","2016-03-24 15:17:26","2016-03-24 15:17:26",1,1
60,0,1,59,"International City/County Management Association",NULL,NULL,NULL,NULL,NULL,1802,NULL,"International City/County Management Association",1,"admin","admin","2016-03-24 15:17:27","2016-03-24 15:17:27","2016-03-24 15:17:27",1,1
61,0,1,60,"WBZ (Radio station : Boston, Mass.).",NULL,NULL,NULL,NULL,NULL,1802,NULL,"WBZ (Radio station : Boston, Mass.).",1,"admin","admin","2016-04-01 19:26:01","2016-04-01 19:26:01","2016-04-01 19:26:01",1,1
62,0,1,61,"MIT Logarhythms (musical group)",NULL,NULL,NULL,NULL,NULL,236,240,"MIT Logarhythms (musical group)",1,"admin","admin","2016-04-01 19:33:04","2016-04-01 19:33:04","2016-04-01 19:33:04",1,1
63,0,1,62,"Franklin County Immigration Society (Franklin County, Kan.).",NULL,NULL,NULL,NULL,NULL,237,241,"Franklin County Immigration Society (Franklin County, Kan.).",1,"buschedw","buschedw","2016-04-11 14:52:29","2016-04-11 14:52:29","2016-04-11 14:52:29",1,1
73,0,1,72,"Democratic Party. (U.S.) -- Geographic subdivision--Michigan;",NULL,NULL,NULL,NULL,NULL,237,241,"Democratic Party. (U.S.) -- Geographic subdivision--Michigan;",1,"buschedw","buschedw","2016-04-11 15:19:49","2016-04-11 15:19:49","2016-04-11 15:19:49",1,1
74,0,1,73,"Michigan State University. Administrative Professional Association.",NULL,NULL,NULL,NULL,NULL,236,242,"Michigan State University. Administrative Professional Association.",1,"buschedw","buschedw","2016-04-11 17:10:02","2016-04-11 17:10:02","2016-04-11 17:10:02",1,1
75,0,1,74,"Michigan State University. Staff.",NULL,NULL,NULL,NULL,NULL,236,242,"Michigan State University. Staff.",1,"buschedw","buschedw","2016-04-11 17:10:02","2016-04-11 17:10:02","2016-04-11 17:10:02",1,1
76,0,1,75,"Acme Publishing (Boston, Mass.).",NULL,NULL,NULL,NULL,NULL,236,NULL,"Acme Publishing (Boston, Mass.).",1,"admin","admin","2016-04-22 19:41:44","2016-04-22 19:41:44","2016-04-22 19:41:44",1,1
77,0,1,76,"Truth About Cuba Committee",NULL,NULL,NULL,NULL,NULL,2437,242,"Truth About Cuba Committee",1,"admin","admin","2016-05-09 18:41:02","2016-05-09 18:41:02","2016-05-09 18:41:02",1,1
78,0,1,77,"California State Parks Council",NULL,NULL,NULL,NULL,NULL,236,NULL,"California State Parks Council",1,"test-user","test-user","2016-05-11 23:28:57","2016-05-11 23:28:57","2016-05-11 23:28:57",1,1
79,0,1,78,"Los Alamos National Laboratory. Theoretical Astrophysics Group T-6..",NULL,NULL,NULL,NULL,NULL,1802,242,"Los Alamos National Laboratory. Theoretical Astrophysics Group T-6..",1,"admin","admin","2016-05-13 18:31:33","2016-05-13 18:31:33","2016-05-13 18:31:33",1,1
80,0,1,79,"San Diego Supercomputer Center.",NULL,NULL,NULL,NULL,NULL,237,NULL,"San Diego Supercomputer Center.",1,"admin","admin","2016-05-13 18:31:33","2016-05-13 18:31:33","2016-05-13 18:31:33",1,1
81,0,1,80,"University of California, San Diego.. Center for Astrophysics and Space Sciences.",NULL,NULL,NULL,NULL,NULL,237,NULL,"University of California, San Diego.. Center for Astrophysics and Space Sciences.",1,"admin","admin","2016-05-13 18:31:33","2016-05-13 18:31:33","2016-05-13 18:31:33",1,1
82,0,1,81,"University of Colorado (System). Dept. of Astrophysics and Planetary Sciences. Center for Astrophysics and Space Astronomy.",NULL,NULL,NULL,NULL,NULL,1802,242,"University of Colorado (System). Dept. of Astrophysics and Planetary Sciences. Center for Astrophysics and Space Astronomy.",1,"admin","admin","2016-05-13 18:31:33","2016-05-13 18:31:33","2016-05-13 18:31:33",1,1
83,0,1,82,"Lawrence Livermore Laboratory.",NULL,NULL,NULL,NULL,NULL,237,NULL,"Lawrence Livermore Laboratory.",1,"admin","admin","2016-05-13 18:31:34","2016-05-13 18:31:34","2016-05-13 18:31:34",1,1
84,0,1,83,"University of California, San Diego.",NULL,NULL,NULL,NULL,NULL,237,NULL,"University of California, San Diego.",1,"admin","admin","2016-05-13 18:31:34","2016-05-13 18:31:34","2016-05-13 18:31:34",1,1
85,0,1,84,"Archive of Documentary Arts (Duke University)",NULL,NULL,NULL,NULL,NULL,1802,NULL,"Archive of Documentary Arts (Duke University)",1,"admin","admin","2016-06-01 15:01:39","2016-06-01 15:01:39","2016-06-01 15:01:39",1,1
86,0,1,85,"Webinar Repository",NULL,NULL,NULL,NULL,NULL,236,NULL,"Webinar Repository",1,"admin","admin","2016-06-24 18:43:07","2016-06-24 18:43:07","2016-06-24 18:43:07",1,1
87,0,1,86,"Michigan Psychiatric Society.",NULL,NULL,NULL,NULL,NULL,237,NULL,"Michigan Psychiatric Society.",1,"buschedw","buschedw","2016-06-27 16:29:02","2016-06-27 16:29:02","2016-06-27 16:29:02",1,1
88,0,1,87,"American Medical Association.",NULL,NULL,NULL,NULL,NULL,237,NULL,"American Medical Association.",1,"buschedw","buschedw","2016-06-27 16:29:02","2016-06-27 16:29:02","2016-06-27 16:29:02",1,1
89,0,1,88,"American Psychiatric Association.",NULL,NULL,NULL,NULL,NULL,237,NULL,"American Psychiatric Association.",1,"buschedw","buschedw","2016-06-27 16:29:02","2016-06-27 16:29:02","2016-06-27 16:29:02",1,1
90,0,1,89,"Screencast Repository",NULL,NULL,NULL,NULL,NULL,236,NULL,"Screencast Repository",1,"admin","admin","2016-06-29 16:50:46","2016-06-29 16:50:46","2016-06-29 16:50:46",1,1
91,0,1,90,"Ghostbusters, Inc.",NULL,NULL,NULL,NULL,NULL,236,NULL,"Ghostbusters, Inc.",1,"admin","admin","2016-06-29 17:17:02","2016-06-29 17:17:02","2016-06-29 17:17:02",1,1
92,0,1,91,"Americans for Democratic Action.",NULL,NULL,NULL,NULL,NULL,237,NULL,"Americans for Democratic Action.",1,"admin","admin","2016-06-29 17:17:22","2016-06-29 17:17:22","2016-06-29 17:17:22",1,1
93,0,1,92,"American Friends Fellowship Council",NULL,NULL,NULL,NULL,NULL,1802,NULL,"American Friends Fellowship Council",1,"admin","admin","2016-07-08 15:38:46","2016-07-08 15:38:46","2016-07-08 15:38:46",1,1
94,0,1,93,"American Friends Fellowship Council--History",NULL,NULL,NULL,NULL,NULL,1802,NULL,"American Friends Fellowship Council--History",1,"admin","admin","2016-07-08 15:38:46","2016-07-08 15:38:46","2016-07-08 15:38:46",1,1
95,0,1,94,"American Friends Service Committee. Message Committee--History",NULL,NULL,NULL,NULL,NULL,1802,NULL,"American Friends Service Committee. Message Committee--History",1,"admin","admin","2016-07-08 15:38:46","2016-07-08 15:38:46","2016-07-08 15:38:46",1,1
96,0,1,95,"American Young Friends Fellowship--History",NULL,NULL,NULL,NULL,NULL,1802,NULL,"American Young Friends Fellowship--History",1,"admin","admin","2016-07-08 15:38:46","2016-07-08 15:38:46","2016-07-08 15:38:46",1,1
97,0,1,96,"Friends Conference on Religion and Psychology--History",NULL,NULL,NULL,NULL,NULL,1802,NULL,"Friends Conference on Religion and Psychology--History",1,"admin","admin","2016-07-08 15:38:46","2016-07-08 15:38:46","2016-07-08 15:38:46",1,1
98,0,1,97,"Wider Quaker Fellowship (Philadelphia, Pa.)",NULL,NULL,NULL,NULL,NULL,1802,NULL,"Wider Quaker Fellowship (Philadelphia, Pa.)",1,"admin","admin","2016-07-08 15:38:48","2016-07-08 15:38:48","2016-07-08 15:38:48",1,1
100,0,1,99,"American Friends Service Committee. Message Committee",NULL,NULL,NULL,NULL,NULL,1802,NULL,"American Friends Service Committee. Message Committee",1,"admin","admin","2016-07-08 15:38:48","2016-07-08 15:38:48","2016-07-08 15:38:48",1,1
101,0,1,100,"American Young Friends Fellowship",NULL,NULL,NULL,NULL,NULL,1802,NULL,"American Young Friends Fellowship",1,"admin","admin","2016-07-08 15:38:48","2016-07-08 15:38:48","2016-07-08 15:38:48",1,1
102,0,1,101,"Ann Arbor Meeting of the Religious Society of Friends (Ann Arbor, Mich.)",NULL,NULL,NULL,NULL,NULL,1802,NULL,"Ann Arbor Meeting of the Religious Society of Friends (Ann Arbor, Mich.)",1,"admin","admin","2016-07-08 15:38:48","2016-07-08 15:38:48","2016-07-08 15:38:48",1,1
103,0,1,102,"Atlanta Monthly Meeting (Atlanta, Ga.)",NULL,NULL,NULL,NULL,NULL,1802,NULL,"Atlanta Monthly Meeting (Atlanta, Ga.)",1,"admin","admin","2016-07-08 15:38:48","2016-07-08 15:38:48","2016-07-08 15:38:48",1,1
104,0,1,103,"Cleveland Meeting of the Religious Society of Friends (Cleveland, Ohio)",NULL,NULL,NULL,NULL,NULL,1802,NULL,"Cleveland Meeting of the Religious Society of Friends (Cleveland, Ohio)",1,"admin","admin","2016-07-08 15:38:48","2016-07-08 15:38:48","2016-07-08 15:38:48",1,1
105,0,1,104,"College Park Association",NULL,NULL,NULL,NULL,NULL,1802,NULL,"College Park Association",1,"admin","admin","2016-07-08 15:38:48","2016-07-08 15:38:48","2016-07-08 15:38:48",1,1
106,0,1,105,"Connecticut Valley Association",NULL,NULL,NULL,NULL,NULL,1802,NULL,"Connecticut Valley Association",1,"admin","admin","2016-07-08 15:38:48","2016-07-08 15:38:48","2016-07-08 15:38:48",1,1
107,0,1,106,"Durham Monthly Meeting of Friends (Durham, N.C.)",NULL,NULL,NULL,NULL,NULL,1802,NULL,"Durham Monthly Meeting of Friends (Durham, N.C.)",1,"admin","admin","2016-07-08 15:38:48","2016-07-08 15:38:48","2016-07-08 15:38:48",1,1
108,0,1,107,"Earlham College",NULL,NULL,NULL,NULL,NULL,1802,NULL,"Earlham College",1,"admin","admin","2016-07-08 15:38:48","2016-07-08 15:38:48","2016-07-08 15:38:48",1,1
109,0,1,108,"Elmira Monthly Meeting (Society of Friends: Elmira, N.Y.)",NULL,NULL,NULL,NULL,NULL,1802,NULL,"Elmira Monthly Meeting (Society of Friends: Elmira, N.Y.)",1,"admin","admin","2016-07-08 15:38:48","2016-07-08 15:38:48","2016-07-08 15:38:48",1,1
110,0,1,109,"Friends Conference on Religion and Psychology",NULL,NULL,NULL,NULL,NULL,1802,NULL,"Friends Conference on Religion and Psychology",1,"admin","admin","2016-07-08 15:38:48","2016-07-08 15:38:48","2016-07-08 15:38:48",1,1
111,0,1,110,"Friends Meeting of Ames (Ames, Iowa)",NULL,NULL,NULL,NULL,NULL,1802,NULL,"Friends Meeting of Ames (Ames, Iowa)",1,"admin","admin","2016-07-08 15:38:48","2016-07-08 15:38:48","2016-07-08 15:38:48",1,1
112,0,1,111,"Friends Meeting of Washington D.C.",NULL,NULL,NULL,NULL,NULL,1802,NULL,"Friends Meeting of Washington D.C.",1,"admin","admin","2016-07-08 15:38:48","2016-07-08 15:38:48","2016-07-08 15:38:48",1,1
113,0,1,112,"Gatlinburg C.P.S. Monthly Meeting of Friends (Gatlinburg, Tenn.)",NULL,NULL,NULL,NULL,NULL,1802,NULL,"Gatlinburg C.P.S. Monthly Meeting of Friends (Gatlinburg, Tenn.)",1,"admin","admin","2016-07-08 15:38:48","2016-07-08 15:38:48","2016-07-08 15:38:48",1,1
114,0,1,113,"Hartford Monthly Meeting (Society of Friends: West Hartford, Conn.)",NULL,NULL,NULL,NULL,NULL,1802,NULL,"Hartford Monthly Meeting (Society of Friends: West Hartford, Conn.)",1,"admin","admin","2016-07-08 15:38:48","2016-07-08 15:38:48","2016-07-08 15:38:48",1,1
115,0,1,114,"Honolulu Monthly Meeting (Society of Friends: Honolulu, Hawaii)",NULL,NULL,NULL,NULL,NULL,1802,NULL,"Honolulu Monthly Meeting (Society of Friends: Honolulu, Hawaii)",1,"admin","admin","2016-07-08 15:38:48","2016-07-08 15:38:48","2016-07-08 15:38:48",1,1
116,0,1,115,"Ithaca Monthly Meeting (Society of Friends: Ithaca, N.Y.)",NULL,NULL,NULL,NULL,NULL,1802,NULL,"Ithaca Monthly Meeting (Society of Friends: Ithaca, N.Y.)",1,"admin","admin","2016-07-08 15:38:48","2016-07-08 15:38:48","2016-07-08 15:38:48",1,1
117,0,1,116,"Junta Mensual de los Amigos de la Ciudad de Mexico",NULL,NULL,NULL,NULL,NULL,1802,NULL,"Junta Mensual de los Amigos de la Ciudad de Mexico",1,"admin","admin","2016-07-08 15:38:48","2016-07-08 15:38:48","2016-07-08 15:38:48",1,1
118,0,1,117,"Lake Erie Association of Friends Meetings",NULL,NULL,NULL,NULL,NULL,1802,NULL,"Lake Erie Association of Friends Meetings",1,"admin","admin","2016-07-08 15:38:48","2016-07-08 15:38:48","2016-07-08 15:38:48",1,1
119,0,1,118,"Lincoln Monthly Meeting of Friends (Society of Friends: Lincoln, Neb.)",NULL,NULL,NULL,NULL,NULL,1802,NULL,"Lincoln Monthly Meeting of Friends (Society of Friends: Lincoln, Neb.)",1,"admin","admin","2016-07-08 15:38:48","2016-07-08 15:38:48","2016-07-08 15:38:48",1,1
120,0,1,119,"Madison Monthly Meeting (Society of Friends: Madison, Wis.)",NULL,NULL,NULL,NULL,NULL,1802,NULL,"Madison Monthly Meeting (Society of Friends: Madison, Wis.)",1,"admin","admin","2016-07-08 15:38:48","2016-07-08 15:38:48","2016-07-08 15:38:48",1,1
121,0,1,120,"Middle Connecticut Valley Monthly Meeting (Society of Friends: Northampton, Mass.)",NULL,NULL,NULL,NULL,NULL,1802,NULL,"Middle Connecticut Valley Monthly Meeting (Society of Friends: Northampton, Mass.)",1,"admin","admin","2016-07-08 15:38:48","2016-07-08 15:38:48","2016-07-08 15:38:48",1,1
122,0,1,121,"Mid-West Conference of Independent Friends Meetings",NULL,NULL,NULL,NULL,NULL,1802,NULL,"Mid-West Conference of Independent Friends Meetings",1,"admin","admin","2016-07-08 15:38:48","2016-07-08 15:38:48","2016-07-08 15:38:48",1,1
123,0,1,122,"Missouri Valley Friends Conference",NULL,NULL,NULL,NULL,NULL,1802,NULL,"Missouri Valley Friends Conference",1,"admin","admin","2016-07-08 15:38:48","2016-07-08 15:38:48","2016-07-08 15:38:48",1,1
124,0,1,123,"Mohonk Conference, N.Y.",NULL,NULL,NULL,NULL,NULL,1802,NULL,"Mohonk Conference, N.Y.",1,"admin","admin","2016-07-08 15:38:48","2016-07-08 15:38:48","2016-07-08 15:38:48",1,1
125,0,1,124,"New Haven Monthly Meeting (New Haven, Conn.)",NULL,NULL,NULL,NULL,NULL,1802,NULL,"New Haven Monthly Meeting (New Haven, Conn.)",1,"admin","admin","2016-07-08 15:38:48","2016-07-08 15:38:48","2016-07-08 15:38:48",1,1
126,0,1,125,"North Columbus Friends Meeting (North Columbus, Ohio)",NULL,NULL,NULL,NULL,NULL,1802,NULL,"North Columbus Friends Meeting (North Columbus, Ohio)",1,"admin","admin","2016-07-08 15:38:48","2016-07-08 15:38:48","2016-07-08 15:38:48",1,1
127,0,1,126,"Northwest Seattle Quaker Center",NULL,NULL,NULL,NULL,NULL,1802,NULL,"Northwest Seattle Quaker Center",1,"admin","admin","2016-07-08 15:38:49","2016-07-08 15:38:49","2016-07-08 15:38:49",1,1
128,0,1,127,"Oread Monthly Meeting (Society of Friends: Lawrence, Kan.)",NULL,NULL,NULL,NULL,NULL,1802,NULL,"Oread Monthly Meeting (Society of Friends: Lawrence, Kan.)",1,"admin","admin","2016-07-08 15:38:49","2016-07-08 15:38:49","2016-07-08 15:38:49",1,1
129,0,1,128,"Pacific Coast Association of Friends",NULL,NULL,NULL,NULL,NULL,1802,NULL,"Pacific Coast Association of Friends",1,"admin","admin","2016-07-08 15:38:49","2016-07-08 15:38:49","2016-07-08 15:38:49",1,1
130,0,1,129,"Pacific Yearly Meeting",NULL,NULL,NULL,NULL,NULL,1802,NULL,"Pacific Yearly Meeting",1,"admin","admin","2016-07-08 15:38:49","2016-07-08 15:38:49","2016-07-08 15:38:49",1,1
131,0,1,130,"Penn Valley Meeting of Friends (Kansas City, Mo.)",NULL,NULL,NULL,NULL,NULL,1802,NULL,"Penn Valley Meeting of Friends (Kansas City, Mo.)",1,"admin","admin","2016-07-08 15:38:49","2016-07-08 15:38:49","2016-07-08 15:38:49",1,1
132,0,1,131,"Phoenix Monthly Meeting (Society of Friends: Phoenix, Ariz.)",NULL,NULL,NULL,NULL,NULL,1802,NULL,"Phoenix Monthly Meeting (Society of Friends: Phoenix, Ariz.)",1,"admin","admin","2016-07-08 15:38:49","2016-07-08 15:38:49","2016-07-08 15:38:49",1,1
133,0,1,132,"Providence Monthly Meeting (Society of Friends: Providence, R.I.)",NULL,NULL,NULL,NULL,NULL,1802,NULL,"Providence Monthly Meeting (Society of Friends: Providence, R.I.)",1,"admin","admin","2016-07-08 15:38:49","2016-07-08 15:38:49","2016-07-08 15:38:49",1,1
134,0,1,133,"South Central Friends Association",NULL,NULL,NULL,NULL,NULL,1802,NULL,"South Central Friends Association",1,"admin","admin","2016-07-08 15:38:49","2016-07-08 15:38:49","2016-07-08 15:38:49",1,1
135,0,1,134,"St. Louis Monthly Meeting (Society of Friends: Rock Hill, Mo.)",NULL,NULL,NULL,NULL,NULL,1802,NULL,"St. Louis Monthly Meeting (Society of Friends: Rock Hill, Mo.)",1,"admin","admin","2016-07-08 15:38:49","2016-07-08 15:38:49","2016-07-08 15:38:49",1,1
136,0,1,135,"St. Petersburg Meeting (Society of Friends: St. Petersburg, Fla.)",NULL,NULL,NULL,NULL,NULL,1802,NULL,"St. Petersburg Meeting (Society of Friends: St. Petersburg, Fla.)",1,"admin","admin","2016-07-08 15:38:49","2016-07-08 15:38:49","2016-07-08 15:38:49",1,1
137,0,1,136,"State College Monthly Meeting (Society of Friends: State College, Pa.)",NULL,NULL,NULL,NULL,NULL,1802,NULL,"State College Monthly Meeting (Society of Friends: State College, Pa.)",1,"admin","admin","2016-07-08 15:38:49","2016-07-08 15:38:49","2016-07-08 15:38:49",1,1
138,0,1,137,"Tucson Monthly Meeting (Society of Friends: Tucson, Ariz.)",NULL,NULL,NULL,NULL,NULL,1802,NULL,"Tucson Monthly Meeting (Society of Friends: Tucson, Ariz.)",1,"admin","admin","2016-07-08 15:38:49","2016-07-08 15:38:49","2016-07-08 15:38:49",1,1
139,0,1,138,"Urbana-Champaign Monthly Meeting (Society of Friends: Urbana, Ill.)",NULL,NULL,NULL,NULL,NULL,1802,NULL,"Urbana-Champaign Monthly Meeting (Society of Friends: Urbana, Ill.)",1,"admin","admin","2016-07-08 15:38:49","2016-07-08 15:38:49","2016-07-08 15:38:49",1,1
140,0,1,139,"Your Name Here Special Collections",NULL,NULL,NULL,NULL,NULL,236,NULL,"Your Name Here Special Collections",1,"admin","admin","2016-07-08 16:41:53","2016-07-08 16:41:53","2016-07-08 16:41:53",1,1
141,0,1,140,"Westtown Boarding School",NULL,NULL,NULL,NULL,NULL,1802,NULL,"Westtown Boarding School",1,"admin","admin","2016-07-08 16:53:36","2016-07-08 16:53:36","2016-07-08 16:53:36",1,1
142,0,1,141,"Student Nonviolent Coordinating Committee (U.S.)",NULL,NULL,NULL,NULL,NULL,1802,NULL,"Student Nonviolent Coordinating Committee (U.S.)",1,"admin","admin","2016-07-08 17:25:05","2016-07-08 17:25:05","2016-07-08 17:25:05",1,1
143,0,1,142,"Look (serial)",NULL,NULL,NULL,NULL,NULL,1802,NULL,"Look (serial)",1,"admin","admin","2016-07-08 17:25:05","2016-07-08 17:25:05","2016-07-08 17:25:05",1,1
144,0,1,143,"Buffalo Preparative Meeting of Friends (Hicksite : Buffalo, N.Y.)",NULL,NULL,NULL,NULL,NULL,1802,NULL,"Buffalo Preparative Meeting of Friends (Hicksite : Buffalo, N.Y.)",1,"admin","admin","2016-07-12 20:22:33","2016-07-12 20:22:33","2016-07-12 20:22:33",1,1
145,0,1,144,"Buffalo Preparative Meeting of Friends (Hicksite : Buffalo, N.Y.).",NULL,NULL,NULL,NULL,NULL,1802,NULL,"Buffalo Preparative Meeting of Friends (Hicksite : Buffalo, N.Y.).",1,"admin","admin","2016-07-12 20:22:33","2016-07-12 20:22:33","2016-07-12 20:22:33",1,1
146,0,1,145,"University of California, San Diego. Center for Astrophysics and Space Sciences",NULL,NULL,NULL,NULL,NULL,237,NULL,"University of California, San Diego. Center for Astrophysics and Space Sciences",1,"admin","admin","2016-07-13 20:57:51","2016-07-13 20:57:51","2016-07-13 20:57:51",1,1
147,0,1,146,"University of Colorado (System). Dept. of Astrophysics and Planetary Sciences. Center for Astrophysics and Space Astronomy",NULL,NULL,NULL,NULL,NULL,1802,242,"University of Colorado (System). Dept. of Astrophysics and Planetary Sciences. Center for Astrophysics and Space Astronomy",1,"admin","admin","2016-07-13 20:57:51","2016-07-13 20:57:51","2016-07-13 20:57:51",1,1
148,0,1,147,"corpname",NULL,NULL,NULL,NULL,NULL,4778,NULL,"corpname",1,"admin","admin","2016-07-19 20:17:48","2016-07-19 20:17:48","2016-07-19 20:17:48",1,1
149,0,1,148,"SAA Demo Repository",NULL,NULL,NULL,NULL,NULL,236,NULL,"SAA Demo Repository",1,"admin","admin","2016-07-25 00:41:07","2016-07-25 00:41:07","2016-07-25 00:41:07",1,1
150,0,1,149,"New York Yearly Meeting of the Religious Society of Friends (Orthodox : 1828-1955)",NULL,NULL,NULL,NULL,NULL,1802,NULL,"New York Yearly Meeting of the Religious Society of Friends (Orthodox : 1828-1955)",1,"admin","admin","2016-07-26 13:36:05","2016-07-26 13:36:05","2016-07-26 13:36:05",1,1
151,0,1,150,"New York Yearly Meeting of the Religious Society of Friends (Hicksite : 1828-1955)",NULL,NULL,NULL,NULL,NULL,1802,NULL,"New York Yearly Meeting of the Religious Society of Friends (Hicksite : 1828-1955)",1,"admin","admin","2016-07-26 13:36:05","2016-07-26 13:36:05","2016-07-26 13:36:05",1,1
152,0,1,151,"New York Yearly Meeting of the Religious Society of Friends",NULL,NULL,NULL,NULL,NULL,1802,NULL,"New York Yearly Meeting of the Religious Society of Friends",1,"admin","admin","2016-07-26 13:36:05","2016-07-26 13:36:05","2016-07-26 13:36:05",1,1
153,0,1,152,"Georgia (Republic).",NULL,NULL,NULL,NULL,NULL,1802,NULL,"Georgia (Republic).",1,"admin","admin","2016-08-10 16:35:43","2016-08-10 16:35:43","2016-08-10 16:35:43",1,1
155,0,1,153,"Houghton Library, collector.",NULL,NULL,NULL,NULL,NULL,1802,NULL,"Houghton Library, collector.",1,"admin","admin","2016-08-10 20:22:05","2016-08-10 20:22:05","2016-08-10 20:22:05",1,1
156,0,1,154,"Photographic Society of Philadelphia.",NULL,NULL,NULL,NULL,NULL,6055,242,"Photographic Society of Philadelphia.",1,"admin","admin","2016-08-30 20:48:44","2016-08-30 20:48:44","2016-08-30 20:48:44",1,1
157,0,1,155,"American Museum of Photography (Philadelphia, Pa.).",NULL,NULL,NULL,NULL,NULL,6055,242,"American Museum of Photography (Philadelphia, Pa.).",1,"admin","admin","2016-08-30 20:48:44","2016-08-30 20:48:44","2016-08-30 20:48:44",1,1
159,0,1,156,"Boston Parents' Council",NULL,NULL,NULL,NULL,NULL,1802,NULL,"Boston Parents' Council",1,"admin","admin","2016-09-13 14:58:10","2016-09-13 14:58:10","2016-09-13 14:58:10",1,1
160,0,1,157,"Massachusetts Council for Parent Education",NULL,NULL,NULL,NULL,NULL,1802,NULL,"Massachusetts Council for Parent Education",1,"admin","admin","2016-09-13 14:58:10","2016-09-13 14:58:10","2016-09-13 14:58:10",1,1
161,0,1,158,"Massachusetts. Department of Education",NULL,NULL,NULL,NULL,NULL,1802,NULL,"Massachusetts. Department of Education",1,"admin","admin","2016-09-13 14:58:10","2016-09-13 14:58:10","2016-09-13 14:58:10",1,1
162,0,1,159,"Massachusetts Society for Mental Hygiene",NULL,NULL,NULL,NULL,NULL,1802,NULL,"Massachusetts Society for Mental Hygiene",1,"admin","admin","2016-09-13 14:58:10","2016-09-13 14:58:10","2016-09-13 14:58:10",1,1
163,0,1,160,"National Council of Parent Education",NULL,NULL,NULL,NULL,NULL,1802,NULL,"National Council of Parent Education",1,"admin","admin","2016-09-13 14:58:10","2016-09-13 14:58:10","2016-09-13 14:58:10",1,1
164,0,1,161,"United States. Federal Emergency Relief Administration",NULL,NULL,NULL,NULL,NULL,1802,NULL,"United States. Federal Emergency Relief Administration",1,"admin","admin","2016-09-13 14:58:10","2016-09-13 14:58:10","2016-09-13 14:58:10",1,1
165,0,1,162,"United States. Office of Education. Emergency Education Program",NULL,NULL,NULL,NULL,NULL,1802,NULL,"United States. Office of Education. Emergency Education Program",1,"admin","admin","2016-09-13 14:58:10","2016-09-13 14:58:10","2016-09-13 14:58:10",1,1
169,0,1,166,"American Association of University Women. Leavenworth Branch.",NULL,NULL,NULL,NULL,NULL,1802,NULL,"American Association of University Women. Leavenworth Branch.",1,"admin","admin","2016-09-16 14:23:35","2016-09-16 14:23:35","2016-09-16 14:23:35",1,1
170,0,1,167,"Council of Elrond",NULL,NULL,NULL,NULL,NULL,236,NULL,"Council of Elrond",1,"admin","admin","2016-09-23 02:42:42","2016-09-23 02:42:42","2016-09-23 02:42:42",1,1
171,0,1,168,"University of Maine. Cooperative Extension",NULL,NULL,NULL,NULL,NULL,1845,1846,"University of Maine. Cooperative Extension",1,"admin","admin","2016-10-11 16:23:28","2016-10-11 16:23:28","2016-10-11 16:23:28",1,1
172,0,1,169,"Page Farm and Home Museum",NULL,NULL,NULL,NULL,NULL,236,1846,"Page Farm and Home Museum",1,"admin","admin","2016-10-11 16:23:28","2016-10-11 16:23:28","2016-10-11 16:23:28",1,1
173,0,1,170,"HM Test repo",NULL,NULL,NULL,NULL,NULL,236,NULL,"HM Test repo",1,"admin","admin","2016-11-09 23:08:21","2016-11-09 23:08:21","2016-11-09 23:08:21",1,1
174,0,1,171,"hudmol the second",NULL,NULL,NULL,NULL,NULL,236,NULL,"hudmol the second",1,"admin","admin","2016-11-11 04:20:45","2016-11-11 04:20:45","2016-11-11 04:20:45",1,1
175,0,1,172,"destination",NULL,NULL,NULL,NULL,NULL,236,NULL,"destination",1,"admin","admin","2016-11-11 22:06:20","2016-11-11 22:06:20","2016-11-11 22:06:20",1,1
176,0,1,173,"Reo Motor Car Company.",NULL,NULL,NULL,NULL,NULL,237,241,"Reo Motor Car Company.",1,"buschedw","buschedw","2016-11-15 21:42:24","2016-11-15 21:42:24","2016-11-15 21:42:24",1,1
177,0,1,174,"White Motor Company.",NULL,NULL,NULL,NULL,NULL,237,241,"White Motor Company.",1,"buschedw","buschedw","2016-11-15 21:42:24","2016-11-15 21:42:24","2016-11-15 21:42:24",1,1
178,0,1,175,"Ascott Limited",NULL,NULL,NULL,NULL,NULL,236,1846,"Ascott Limited",1,"admin","admin","2016-11-17 15:48:05","2016-11-17 15:48:05","2016-11-17 15:48:05",1,1
210,0,1,182,"United States--Congress.",NULL,NULL,NULL,NULL,NULL,1840,NULL,"United States--Congress.",1,"admin","admin","2017-01-18 17:49:16","2017-01-18 17:49:16","2017-01-18 17:49:16",1,1
211,0,1,183,"United States--Office of Indian Affairs.",NULL,NULL,NULL,NULL,NULL,1802,NULL,"United States--Office of Indian Affairs.",1,"admin","admin","2017-01-18 17:49:16","2017-01-18 17:49:16","2017-01-18 17:49:16",1,1
212,0,1,184,"New York University. Dept. of History.",NULL,NULL,NULL,NULL,NULL,237,NULL,"New York University. Dept. of History.",1,"admin","admin","2017-01-20 17:48:00","2017-01-20 17:48:00","2017-01-20 17:48:00",1,1
213,0,1,185,"Margaret Sanger Papers Project.",NULL,NULL,NULL,NULL,NULL,237,NULL,"Margaret Sanger Papers Project.",1,"admin","admin","2017-01-20 17:48:00","2017-01-20 17:48:00","2017-01-20 17:48:00",1,1
214,0,1,186,"New York University. Graduate School of Arts and Science.",NULL,NULL,NULL,NULL,NULL,237,NULL,"New York University. Graduate School of Arts and Science.",1,"admin","admin","2017-01-20 17:48:00","2017-01-20 17:48:00","2017-01-20 17:48:00",1,1
215,0,1,187,"Society of American Archivists.",NULL,NULL,NULL,NULL,NULL,237,NULL,"Society of American Archivists.",1,"admin","admin","2017-01-20 17:48:01","2017-01-20 17:48:01","2017-01-20 17:48:01",1,1
216,0,1,188,"ISL DEV",NULL,NULL,NULL,NULL,NULL,236,NULL,"ISL DEV",1,"admin","admin","2017-01-23 17:53:28","2017-01-23 17:53:28","2017-01-23 17:53:28",1,1
283,0,1,201,"American Board of Commissioners for Foreign Missions",NULL,NULL,NULL,NULL,NULL,2437,NULL,"American Board of Commissioners for Foreign Missions",1,"cdibella","cdibella","2017-01-26 13:39:00","2017-01-26 13:39:00","2017-01-26 13:39:00",1,1
284,0,1,202,"American Home Missionary Society",NULL,NULL,NULL,NULL,NULL,2437,NULL,"American Home Missionary Society",1,"cdibella","cdibella","2017-01-26 13:39:00","2017-01-26 13:39:00","2017-01-26 13:39:00",1,1
285,0,1,203,"Congregational Church (Oswego, N.Y.)",NULL,NULL,NULL,NULL,NULL,2437,NULL,"Congregational Church (Oswego, N.Y.)",1,"cdibella","cdibella","2017-01-26 13:39:00","2017-01-26 13:39:00","2017-01-26 13:39:00",1,1
286,0,1,204,"Second Congregationalist Church (Oberlin, Ohio)",NULL,NULL,NULL,NULL,NULL,2437,NULL,"Second Congregationalist Church (Oberlin, Ohio)",1,"cdibella","cdibella","2017-01-26 13:39:00","2017-01-26 13:39:00","2017-01-26 13:39:00",1,1
287,0,1,205,"First Congregational Church (Rushville, N.Y.)",NULL,NULL,NULL,NULL,NULL,2437,NULL,"First Congregational Church (Rushville, N.Y.)",1,"cdibella","cdibella","2017-01-26 13:39:00","2017-01-26 13:39:00","2017-01-26 13:39:00",1,1
288,0,1,206,"National Committee on Conscientious Objectors (U.S.)",NULL,NULL,NULL,NULL,NULL,2437,NULL,"National Committee on Conscientious Objectors (U.S.)",1,"cdibella","cdibella","2017-01-26 13:44:17","2017-01-26 13:44:17","2017-01-26 13:44:17",1,1
289,0,1,207,"Metropolitan Board for Conscientious Objectors.",NULL,NULL,NULL,NULL,NULL,2437,NULL,"Metropolitan Board for Conscientious Objectors.",1,"cdibella","cdibella","2017-01-26 13:44:18","2017-01-26 13:44:18","2017-01-26 13:44:18",1,1
290,0,1,208,"Alfred P. Sloan Foundation.",NULL,NULL,NULL,NULL,NULL,237,NULL,"Alfred P. Sloan Foundation.",1,"cdibella","cdibella","2017-01-26 13:48:07","2017-01-26 13:48:07","2017-01-26 13:48:07",1,1
291,0,1,209,"Beryl McBurnie Foundation for the Arts.",NULL,NULL,NULL,NULL,NULL,236,240,"Beryl McBurnie Foundation for the Arts.",1,"cdibella","cdibella","2017-01-26 13:48:07","2017-01-26 13:48:07","2017-01-26 13:48:07",1,1
292,0,1,210,"Caribbean Basin. West Indies.",NULL,NULL,NULL,NULL,NULL,236,242,"Caribbean Basin. West Indies.",1,"cdibella","cdibella","2017-01-26 13:48:08","2017-01-26 13:48:08","2017-01-26 13:48:08",1,1
293,0,1,211,"Caribbean Studies Association(13th:1988:Pointe-a-Pitre, Guadeloupe).",NULL,NULL,NULL,NULL,NULL,236,242,"Caribbean Studies Association(13th:1988:Pointe-a-Pitre, Guadeloupe).",1,"cdibella","cdibella","2017-01-26 13:48:08","2017-01-26 13:48:08","2017-01-26 13:48:08",1,1
294,0,1,212,"Caribbean. Anthropology. West Indies.",NULL,NULL,NULL,NULL,NULL,236,242,"Caribbean. Anthropology. West Indies.",1,"cdibella","cdibella","2017-01-26 13:48:08","2017-01-26 13:48:08","2017-01-26 13:48:08",1,1
295,0,1,213,"Caribbean. History. West Indies.",NULL,NULL,NULL,NULL,NULL,236,242,"Caribbean. History. West Indies.",1,"cdibella","cdibella","2017-01-26 13:48:08","2017-01-26 13:48:08","2017-01-26 13:48:08",1,1
296,0,1,214,"CARICOM. Jamaica. West Indies.",NULL,NULL,NULL,NULL,NULL,236,242,"CARICOM. Jamaica. West Indies.",1,"cdibella","cdibella","2017-01-26 13:48:08","2017-01-26 13:48:08","2017-01-26 13:48:08",1,1
297,0,1,215,"City University of New York. Faculty.",NULL,NULL,NULL,NULL,NULL,236,242,"City University of New York. Faculty.",1,"cdibella","cdibella","2017-01-26 13:48:08","2017-01-26 13:48:08","2017-01-26 13:48:08",1,1
298,0,1,216,"Congressional Black Caucus.",NULL,NULL,NULL,NULL,NULL,237,NULL,"Congressional Black Caucus.",1,"cdibella","cdibella","2017-01-26 13:48:08","2017-01-26 13:48:08","2017-01-26 13:48:08",1,1
299,0,1,217,"Ford Foundation.",NULL,NULL,NULL,NULL,NULL,237,NULL,"Ford Foundation.",1,"cdibella","cdibella","2017-01-26 13:48:09","2017-01-26 13:48:09","2017-01-26 13:48:09",1,1
300,0,1,218,"Hunter College. Faculty. New York.",NULL,NULL,NULL,NULL,NULL,236,242,"Hunter College. Faculty. New York.",1,"cdibella","cdibella","2017-01-26 13:48:09","2017-01-26 13:48:09","2017-01-26 13:48:09",1,1
301,0,1,219,"Hunter College.",NULL,NULL,NULL,NULL,NULL,237,NULL,"Hunter College.",1,"cdibella","cdibella","2017-01-26 13:48:09","2017-01-26 13:48:09","2017-01-26 13:48:09",1,1
302,0,1,220,"International Development Research Centre (Canada).",NULL,NULL,NULL,NULL,NULL,237,NULL,"International Development Research Centre (Canada).",1,"cdibella","cdibella","2017-01-26 13:48:09","2017-01-26 13:48:09","2017-01-26 13:48:09",1,1
303,0,1,221,"Library of Caribbean Research.",NULL,NULL,NULL,NULL,NULL,236,242,"Library of Caribbean Research.",1,"cdibella","cdibella","2017-01-26 13:48:10","2017-01-26 13:48:10","2017-01-26 13:48:10",1,1
304,0,1,222,"MacArthur Trust.",NULL,NULL,NULL,NULL,NULL,236,242,"MacArthur Trust.",1,"cdibella","cdibella","2017-01-26 13:48:10","2017-01-26 13:48:10","2017-01-26 13:48:10",1,1
305,0,1,223,"National Science Foundation (U.S.).",NULL,NULL,NULL,NULL,NULL,237,NULL,"National Science Foundation (U.S.).",1,"cdibella","cdibella","2017-01-26 13:48:10","2017-01-26 13:48:10","2017-01-26 13:48:10",1,1
306,0,1,224,"People's National Party (Jamaica).",NULL,NULL,NULL,NULL,NULL,237,NULL,"People's National Party (Jamaica).",1,"cdibella","cdibella","2017-01-26 13:48:10","2017-01-26 13:48:10","2017-01-26 13:48:10",1,1
307,0,1,225,"Research Institute for the Study of Man (RISM).",NULL,NULL,NULL,NULL,NULL,237,NULL,"Research Institute for the Study of Man (RISM).",1,"cdibella","cdibella","2017-01-26 13:48:10","2017-01-26 13:48:10","2017-01-26 13:48:10",1,1
308,0,1,226,"United Nations Institute for Training and Research..",NULL,NULL,NULL,NULL,NULL,237,NULL,"United Nations Institute for Training and Research..",1,"cdibella","cdibella","2017-01-26 13:48:11","2017-01-26 13:48:11","2017-01-26 13:48:11",1,1
309,0,1,227,"United States. Congress . House.",NULL,NULL,NULL,NULL,NULL,237,NULL,"United States. Congress . House.",1,"cdibella","cdibella","2017-01-26 13:48:11","2017-01-26 13:48:11","2017-01-26 13:48:11",1,1
310,0,1,228,"University of Pittsburgh at Greensburgh.",NULL,NULL,NULL,NULL,NULL,237,NULL,"University of Pittsburgh at Greensburgh.",1,"cdibella","cdibella","2017-01-26 13:48:11","2017-01-26 13:48:11","2017-01-26 13:48:11",1,1
311,0,1,229,"World Fertility Survey.",NULL,NULL,NULL,NULL,NULL,237,NULL,"World Fertility Survey.",1,"cdibella","cdibella","2017-01-26 13:48:11","2017-01-26 13:48:11","2017-01-26 13:48:11",1,1
312,0,1,230,"Yale University. Press.",NULL,NULL,NULL,NULL,NULL,237,NULL,"Yale University. Press.",1,"cdibella","cdibella","2017-01-26 13:48:12","2017-01-26 13:48:12","2017-01-26 13:48:12",1,1
313,0,1,231,"New York University.",NULL,NULL,NULL,NULL,NULL,237,NULL,"New York University.",1,"admin","admin","2017-02-15 03:35:33","2017-02-15 03:35:33","2017-02-15 03:35:33",1,1
314,0,1,3,"q-test",NULL,NULL,NULL,NULL,NULL,236,NULL,"q-test",1,"admin","admin","2017-02-27 02:10:45","2017-02-27 02:10:45","2017-02-27 02:10:45",1,1
315,0,1,232,"Cloud Watchers Society of Freedonia, Inc.",NULL,NULL,NULL,NULL,NULL,236,242,"Cloud Watchers Society of Freedonia, Inc.",1,"admin","admin","2017-03-08 14:43:11","2017-03-08 14:43:11","2017-03-08 14:43:11",1,1
316,0,1,1,"GoneRepo",NULL,NULL,NULL,NULL,NULL,236,NULL,"GoneRepo",1,"admin","admin","2017-03-23 13:54:23","2017-03-23 13:54:23","2017-03-23 13:54:23",1,1
318,0,1,233,"Regression Test Repo",NULL,NULL,NULL,NULL,NULL,236,NULL,"Regression Test Repo",1,"admin","admin","2017-03-23 13:58:34","2017-03-23 13:58:34","2017-03-23 13:58:34",1,1
319,0,1,234,"National Coalition for Haitian Rights (United States)",NULL,NULL,NULL,NULL,NULL,2437,NULL,"National Coalition for Haitian Rights (United States)",1,"admin","admin","2017-03-23 14:43:03","2017-03-23 14:43:03","2017-03-23 14:43:03",1,1
320,0,1,235,"Ligue des Anciens Prisonniers Politiques Haïtiens.",NULL,NULL,NULL,NULL,NULL,2437,NULL,"Ligue des Anciens Prisonniers Politiques Haïtiens.",1,"admin","admin","2017-03-23 14:43:03","2017-03-23 14:43:03","2017-03-23 14:43:03",1,1
321,0,1,236,"Komité National du Kongrés des Mouvements Démocratiques.",NULL,NULL,NULL,NULL,NULL,2437,NULL,"Komité National du Kongrés des Mouvements Démocratiques.",1,"admin","admin","2017-03-23 14:43:03","2017-03-23 14:43:03","2017-03-23 14:43:03",1,1
322,0,1,237,"Krome Detention Center.",NULL,NULL,NULL,NULL,NULL,2437,NULL,"Krome Detention Center.",1,"admin","admin","2017-03-23 14:43:03","2017-03-23 14:43:03","2017-03-23 14:43:03",1,1
323,0,1,238,"Haitian Center for Human Rights.",NULL,NULL,NULL,NULL,NULL,2437,NULL,"Haitian Center for Human Rights.",1,"admin","admin","2017-03-23 14:43:03","2017-03-23 14:43:03","2017-03-23 14:43:03",1,1
324,0,1,239,"Guantánamo Bay Detention Camp.",NULL,NULL,NULL,NULL,NULL,2437,NULL,"Guantánamo Bay Detention Camp.",1,"admin","admin","2017-03-23 14:43:03","2017-03-23 14:43:03","2017-03-23 14:43:03",1,1
325,0,1,240,"Caribbean Rights (Organization)",NULL,NULL,NULL,NULL,NULL,2437,NULL,"Caribbean Rights (Organization)",1,"admin","admin","2017-03-23 14:43:03","2017-03-23 14:43:03","2017-03-23 14:43:03",1,1
326,0,1,241,"Human Rights Archive (Duke University)",NULL,NULL,NULL,NULL,NULL,1802,NULL,"Human Rights Archive (Duke University)",1,"admin","admin","2017-03-23 14:43:03","2017-03-23 14:43:03","2017-03-23 14:43:03",1,1
332,0,1,247,"Dickinson College",NULL,NULL,NULL,NULL,NULL,1802,NULL,"Dickinson College",1,"admin","admin","2017-03-23 15:24:47","2017-03-23 15:24:47","2017-03-23 15:24:47",1,1
333,0,1,248,"University of Pennsylvania -- Faculty",NULL,NULL,NULL,NULL,NULL,2437,NULL,"University of Pennsylvania -- Faculty",1,"admin","admin","2017-03-23 15:24:48","2017-03-23 15:24:48","2017-03-23 15:24:48",1,1
334,0,1,249,"University of Pennsylvania",NULL,NULL,NULL,NULL,NULL,1802,NULL,"University of Pennsylvania",1,"admin","admin","2017-03-23 15:24:48","2017-03-23 15:24:48","2017-03-23 15:24:48",1,1
335,0,1,250,"St. Thomas’ Church (Philadelphia, Pa.) -- History",NULL,NULL,NULL,NULL,NULL,2437,NULL,"St. Thomas’ Church (Philadelphia, Pa.) -- History",1,"admin","admin","2017-03-23 15:24:49","2017-03-23 15:24:49","2017-03-23 15:24:49",1,1
336,0,1,251,"College of Philadelphia. Medical School",NULL,NULL,NULL,NULL,NULL,2437,NULL,"College of Philadelphia. Medical School",1,"admin","admin","2017-03-23 15:24:50","2017-03-23 15:24:50","2017-03-23 15:24:50",1,1
337,0,1,252,"Bikini Kill (Musical group).",NULL,NULL,NULL,NULL,NULL,237,NULL,"Bikini Kill (Musical group).",1,"admin","admin","2017-03-24 13:40:30","2017-03-24 13:40:30","2017-03-24 13:40:30",1,1
338,0,1,253,"Le Tigre (Musical group).",NULL,NULL,NULL,NULL,NULL,236,NULL,"Le Tigre (Musical group).",1,"admin","admin","2017-03-24 13:40:30","2017-03-24 13:40:30","2017-03-24 13:40:30",1,1
343,0,1,98,"57th Street Meeting of Friends (Chicago, Ill.) - made an edit",NULL,NULL,NULL,NULL,NULL,1802,NULL,"57th Street Meeting of Friends (Chicago, Ill.) - made an edit",1,"admin","admin","2017-04-05 01:07:55","2017-04-05 01:07:55","2017-04-05 01:07:55",1,1
344,0,1,254,"Some Archive",NULL,NULL,NULL,NULL,NULL,236,NULL,"Some Archive",1,"admin","admin","2017-04-07 14:37:50","2017-04-07 14:37:50","2017-04-07 14:37:50",1,1
345,0,1,255,"YMCA Buffalo Niagara",NULL,NULL,NULL,NULL,NULL,1840,2089,"YMCA Buffalo Niagara",1,"admin","admin","2017-04-07 16:54:22","2017-04-07 16:54:22","2017-04-07 16:54:22",1,1
346,0,1,256,"State University of New York at Buffalo. University Archives",NULL,NULL,NULL,NULL,NULL,1840,2089,"State University of New York at Buffalo. University Archives",1,"admin","admin","2017-04-07 16:54:22","2017-04-07 16:54:22","2017-04-07 16:54:22",1,1
347,0,1,257,"Young Men's Christian Association (Buffalo, N.Y.)",NULL,NULL,NULL,NULL,NULL,1840,2089,"Young Men's Christian Association (Buffalo, N.Y.)",1,"admin","admin","2017-04-07 16:54:22","2017-04-07 16:54:22","2017-04-07 16:54:22",1,1
348,0,1,258,"YMCA Buffalo Niagara -- Archives",NULL,NULL,NULL,NULL,NULL,1840,2089,"YMCA Buffalo Niagara -- Archives",1,"admin","admin","2017-04-07 16:54:23","2017-04-07 16:54:23","2017-04-07 16:54:23",1,1
349,0,1,259,"Young Men's Christian associations -- New York State -- Buffalo -- History",NULL,NULL,NULL,NULL,NULL,236,242,"Young Men's Christian associations -- New York State -- Buffalo -- History",1,"admin","admin","2017-04-07 16:54:23","2017-04-07 16:54:23","2017-04-07 16:54:23",1,1
351,0,1,261,"Council on Social Work Education.",NULL,NULL,NULL,NULL,NULL,1840,2089,"Council on Social Work Education.",1,"admin","admin","2017-04-11 16:03:02","2017-04-11 16:03:02","2017-04-11 16:03:02",1,1
352,0,1,262,"This College ",NULL,NULL,NULL,NULL,NULL,236,NULL,"This College ",1,"admin","admin","2017-04-11 16:17:03","2017-04-11 16:17:03","2017-04-11 16:17:03",1,1
354,0,1,260,"Testing",NULL,NULL,NULL,NULL,NULL,236,NULL,"Testing",1,"admin","admin","2017-04-11 17:01:15","2017-04-11 17:01:15","2017-04-11 17:01:15",1,1
355,0,1,263,"accession_test_1498059036",NULL,NULL,NULL,NULL,NULL,236,NULL,"accession_test_1498059036",1,"admin","admin","2017-06-21 15:30:37","2017-06-21 15:30:37","2017-06-21 15:30:37",1,1
356,0,1,264,"agents_test_1498059038",NULL,NULL,NULL,NULL,NULL,236,NULL,"agents_test_1498059038",1,"admin","admin","2017-06-21 15:30:38","2017-06-21 15:30:38","2017-06-21 15:30:38",1,1
357,0,1,265,"classification_test_1498059160",NULL,NULL,NULL,NULL,NULL,236,NULL,"classification_test_1498059160",1,"admin","admin","2017-06-21 15:32:40","2017-06-21 15:32:40","2017-06-21 15:32:40",1,1
358,0,1,266,"notes_test_1498059164",NULL,NULL,NULL,NULL,NULL,236,NULL,"notes_test_1498059164",1,"admin","admin","2017-06-21 15:32:44","2017-06-21 15:32:44","2017-06-21 15:32:44",1,1
359,0,1,267,"notes_test_1498059241",NULL,NULL,NULL,NULL,NULL,236,NULL,"notes_test_1498059241",1,"admin","admin","2017-06-21 15:34:01","2017-06-21 15:34:01","2017-06-21 15:34:01",1,1
360,0,1,268,"default_values_test_1498059271",NULL,NULL,NULL,NULL,NULL,236,NULL,"default_values_test_1498059271",1,"admin","admin","2017-06-21 15:34:31","2017-06-21 15:34:31","2017-06-21 15:34:31",1,1
361,0,1,269,"do_test_1498059301",NULL,NULL,NULL,NULL,NULL,236,NULL,"do_test_1498059301",1,"admin","admin","2017-06-21 15:35:01","2017-06-21 15:35:01","2017-06-21 15:35:01",1,1
362,0,1,270,"enum_test_1498059301",NULL,NULL,NULL,NULL,NULL,236,NULL,"enum_test_1498059301",1,"admin","admin","2017-06-21 15:35:02","2017-06-21 15:35:02","2017-06-21 15:35:02",1,1
363,0,1,271,"events_test_1498059305",NULL,NULL,NULL,NULL,NULL,236,NULL,"events_test_1498059305",1,"admin","admin","2017-06-21 15:35:05","2017-06-21 15:35:05","2017-06-21 15:35:05",1,1
364,0,1,272,"groups_test_manage_1498059305",NULL,NULL,NULL,NULL,NULL,236,NULL,"groups_test_manage_1498059305",1,"admin","admin","2017-06-21 15:35:05","2017-06-21 15:35:05","2017-06-21 15:35:05",1,1
365,0,1,273,"groups_test_view_1498059305",NULL,NULL,NULL,NULL,NULL,236,NULL,"groups_test_view_1498059305",1,"admin","admin","2017-06-21 15:35:05","2017-06-21 15:35:05","2017-06-21 15:35:05",1,1
366,0,1,274,"instances_test_1498059309",NULL,NULL,NULL,NULL,NULL,236,NULL,"instances_test_1498059309",1,"admin","admin","2017-06-21 15:35:09","2017-06-21 15:35:09","2017-06-21 15:35:09",1,1
367,0,1,275,"jobs_test_1498059309",NULL,NULL,NULL,NULL,NULL,236,NULL,"jobs_test_1498059309",1,"admin","admin","2017-06-21 15:35:09","2017-06-21 15:35:09","2017-06-21 15:35:09",1,1
368,0,1,276,"locations_test_1498059310",NULL,NULL,NULL,NULL,NULL,236,NULL,"locations_test_1498059310",1,"admin","admin","2017-06-21 15:35:10","2017-06-21 15:35:10","2017-06-21 15:35:10",1,1
369,0,1,277,"testrepo_1_1498059500",NULL,NULL,NULL,NULL,NULL,236,NULL,"testrepo_1_1498059500",1,"admin","admin","2017-06-21 15:38:20","2017-06-21 15:38:20","2017-06-21 15:38:20",1,1
370,0,1,278,"transfer_test_1498059502",NULL,NULL,NULL,NULL,NULL,236,NULL,"transfer_test_1498059502",1,"admin","admin","2017-06-21 15:38:22","2017-06-21 15:38:22","2017-06-21 15:38:22",1,1
371,0,1,279,"transfer_test_target_1498059502",NULL,NULL,NULL,NULL,NULL,236,NULL,"transfer_test_target_1498059502",1,"admin","admin","2017-06-21 15:38:22","2017-06-21 15:38:22","2017-06-21 15:38:22",1,1
372,0,1,280,"notes_test_1498059509",NULL,NULL,NULL,NULL,NULL,236,NULL,"notes_test_1498059509",1,"admin","admin","2017-06-21 15:38:29","2017-06-21 15:38:29","2017-06-21 15:38:29",1,1
373,0,1,281,"pagination_test_1498059510",NULL,NULL,NULL,NULL,NULL,236,NULL,"pagination_test_1498059510",1,"admin","admin","2017-06-21 15:38:30","2017-06-21 15:38:30","2017-06-21 15:38:30",1,1
374,0,1,282,"perm_test_1498059510",NULL,NULL,NULL,NULL,NULL,236,NULL,"perm_test_1498059510",1,"admin","admin","2017-06-21 15:38:30","2017-06-21 15:38:30","2017-06-21 15:38:30",1,1
375,0,1,283,"rde_test_1498059571",NULL,NULL,NULL,NULL,NULL,236,NULL,"rde_test_1498059571",1,"admin","admin","2017-06-21 15:39:31","2017-06-21 15:39:31","2017-06-21 15:39:31",1,1
376,0,1,284,"rde_test_1498059578",NULL,NULL,NULL,NULL,NULL,236,NULL,"rde_test_1498059578",1,"admin","admin","2017-06-21 15:39:38","2017-06-21 15:39:38","2017-06-21 15:39:38",1,1
377,0,1,285,"testrepo_2_1498059579",NULL,NULL,NULL,NULL,NULL,236,NULL,"testrepo_2_1498059579",1,"admin","admin","2017-06-21 15:39:39","2017-06-21 15:39:39","2017-06-21 15:39:39",1,1
378,0,1,286,"lifecycle_test_1498059580",NULL,NULL,NULL,NULL,NULL,236,NULL,"lifecycle_test_1498059580",1,"admin","admin","2017-06-21 15:39:40","2017-06-21 15:39:40","2017-06-21 15:39:40",1,1
379,0,1,287,"testrepo_3_1498059591",NULL,NULL,NULL,NULL,NULL,236,NULL,"testrepo_3_1498059591",1,"admin","admin","2017-06-21 15:39:51","2017-06-21 15:39:51","2017-06-21 15:39:51",1,1
380,0,1,288,"search_test_1498059591",NULL,NULL,NULL,NULL,NULL,236,NULL,"search_test_1498059591",1,"admin","admin","2017-06-21 15:39:51","2017-06-21 15:39:51","2017-06-21 15:39:51",1,1
381,0,1,289,"adv_search_test_1498059592",NULL,NULL,NULL,NULL,NULL,236,NULL,"adv_search_test_1498059592",1,"admin","admin","2017-06-21 15:39:52","2017-06-21 15:39:52","2017-06-21 15:39:52",1,1
382,0,1,290,"space_calculator_1498059592",NULL,NULL,NULL,NULL,NULL,236,NULL,"space_calculator_1498059592",1,"admin","admin","2017-06-21 15:39:52","2017-06-21 15:39:52","2017-06-21 15:39:52",1,1
383,0,1,291,"testrepo_4_1498059605",NULL,NULL,NULL,NULL,NULL,236,NULL,"testrepo_4_1498059605",1,"admin","admin","2017-06-21 15:40:05","2017-06-21 15:40:05","2017-06-21 15:40:05",1,1
384,0,1,292,"testrepo_5_1498060326",NULL,NULL,NULL,NULL,NULL,236,NULL,"testrepo_5_1498060326",1,"admin","admin","2017-06-21 15:52:06","2017-06-21 15:52:06","2017-06-21 15:52:06",1,1
385,0,1,293,"trees_test_1498060383",NULL,NULL,NULL,NULL,NULL,236,NULL,"trees_test_1498060383",1,"admin","admin","2017-06-21 15:53:03","2017-06-21 15:53:03","2017-06-21 15:53:03",1,1
386,0,1,294,"user_pref_test_1498060396",NULL,NULL,NULL,NULL,NULL,236,NULL,"user_pref_test_1498060396",1,"admin","admin","2017-06-21 15:53:16","2017-06-21 15:53:16","2017-06-21 15:53:16",1,1
387,0,1,295,"accession_test_1498082589",NULL,NULL,NULL,NULL,NULL,236,NULL,"accession_test_1498082589",1,"admin","admin","2017-06-21 22:03:09","2017-06-21 22:03:09","2017-06-21 22:03:09",1,1
388,0,1,296,"agents_test_1498082590",NULL,NULL,NULL,NULL,NULL,236,NULL,"agents_test_1498082590",1,"admin","admin","2017-06-21 22:03:10","2017-06-21 22:03:10","2017-06-21 22:03:10",1,1
389,0,1,297,"classification_test_1498082611",NULL,NULL,NULL,NULL,NULL,236,NULL,"classification_test_1498082611",1,"admin","admin","2017-06-21 22:03:31","2017-06-21 22:03:31","2017-06-21 22:03:31",1,1
390,0,1,298,"notes_test_1498082615",NULL,NULL,NULL,NULL,NULL,236,NULL,"notes_test_1498082615",1,"admin","admin","2017-06-21 22:03:35","2017-06-21 22:03:35","2017-06-21 22:03:35",1,1
391,0,1,299,"notes_test_1498082692",NULL,NULL,NULL,NULL,NULL,236,NULL,"notes_test_1498082692",1,"admin","admin","2017-06-21 22:04:52","2017-06-21 22:04:52","2017-06-21 22:04:52",1,1
392,0,1,300,"default_values_test_1498082723",NULL,NULL,NULL,NULL,NULL,236,NULL,"default_values_test_1498082723",1,"admin","admin","2017-06-21 22:05:23","2017-06-21 22:05:23","2017-06-21 22:05:23",1,1
393,0,1,301,"do_test_1498082754",NULL,NULL,NULL,NULL,NULL,236,NULL,"do_test_1498082754",1,"admin","admin","2017-06-21 22:05:54","2017-06-21 22:05:54","2017-06-21 22:05:54",1,1
394,0,1,302,"enum_test_1498082754",NULL,NULL,NULL,NULL,NULL,236,NULL,"enum_test_1498082754",1,"admin","admin","2017-06-21 22:05:54","2017-06-21 22:05:54","2017-06-21 22:05:54",1,1
395,0,1,303,"events_test_1498082757",NULL,NULL,NULL,NULL,NULL,236,NULL,"events_test_1498082757",1,"admin","admin","2017-06-21 22:05:57","2017-06-21 22:05:57","2017-06-21 22:05:57",1,1
396,0,1,304,"groups_test_manage_1498082757",NULL,NULL,NULL,NULL,NULL,236,NULL,"groups_test_manage_1498082757",1,"admin","admin","2017-06-21 22:05:57","2017-06-21 22:05:57","2017-06-21 22:05:57",1,1
397,0,1,305,"groups_test_view_1498082758",NULL,NULL,NULL,NULL,NULL,236,NULL,"groups_test_view_1498082758",1,"admin","admin","2017-06-21 22:05:58","2017-06-21 22:05:58","2017-06-21 22:05:58",1,1
398,0,1,306,"instances_test_1498082761",NULL,NULL,NULL,NULL,NULL,236,NULL,"instances_test_1498082761",1,"admin","admin","2017-06-21 22:06:01","2017-06-21 22:06:01","2017-06-21 22:06:01",1,1
399,0,1,307,"jobs_test_1498082761",NULL,NULL,NULL,NULL,NULL,236,NULL,"jobs_test_1498082761",1,"admin","admin","2017-06-21 22:06:02","2017-06-21 22:06:02","2017-06-21 22:06:02",1,1
400,0,1,308,"locations_test_1498082762",NULL,NULL,NULL,NULL,NULL,236,NULL,"locations_test_1498082762",1,"admin","admin","2017-06-21 22:06:02","2017-06-21 22:06:02","2017-06-21 22:06:02",1,1
401,0,1,309,"testrepo_1_1498082956",NULL,NULL,NULL,NULL,NULL,236,NULL,"testrepo_1_1498082956",1,"admin","admin","2017-06-21 22:09:16","2017-06-21 22:09:16","2017-06-21 22:09:16",1,1
402,0,1,310,"transfer_test_1498082958",NULL,NULL,NULL,NULL,NULL,236,NULL,"transfer_test_1498082958",1,"admin","admin","2017-06-21 22:09:18","2017-06-21 22:09:18","2017-06-21 22:09:18",1,1
403,0,1,311,"transfer_test_target_1498082958",NULL,NULL,NULL,NULL,NULL,236,NULL,"transfer_test_target_1498082958",1,"admin","admin","2017-06-21 22:09:18","2017-06-21 22:09:18","2017-06-21 22:09:18",1,1
404,0,1,312,"notes_test_1498082965",NULL,NULL,NULL,NULL,NULL,236,NULL,"notes_test_1498082965",1,"admin","admin","2017-06-21 22:09:25","2017-06-21 22:09:25","2017-06-21 22:09:25",1,1
405,0,1,313,"pagination_test_1498082965",NULL,NULL,NULL,NULL,NULL,236,NULL,"pagination_test_1498082965",1,"admin","admin","2017-06-21 22:09:25","2017-06-21 22:09:25","2017-06-21 22:09:25",1,1
406,0,1,314,"perm_test_1498082965",NULL,NULL,NULL,NULL,NULL,236,NULL,"perm_test_1498082965",1,"admin","admin","2017-06-21 22:09:25","2017-06-21 22:09:25","2017-06-21 22:09:25",1,1
407,0,1,315,"rde_test_1498083025",NULL,NULL,NULL,NULL,NULL,236,NULL,"rde_test_1498083025",1,"admin","admin","2017-06-21 22:10:25","2017-06-21 22:10:25","2017-06-21 22:10:25",1,1
408,0,1,316,"rde_test_1498083033",NULL,NULL,NULL,NULL,NULL,236,NULL,"rde_test_1498083033",1,"admin","admin","2017-06-21 22:10:33","2017-06-21 22:10:33","2017-06-21 22:10:33",1,1
409,0,1,317,"testrepo_2_1498083034",NULL,NULL,NULL,NULL,NULL,236,NULL,"testrepo_2_1498083034",1,"admin","admin","2017-06-21 22:10:34","2017-06-21 22:10:34","2017-06-21 22:10:34",1,1
410,0,1,318,"lifecycle_test_1498083034",NULL,NULL,NULL,NULL,NULL,236,NULL,"lifecycle_test_1498083034",1,"admin","admin","2017-06-21 22:10:34","2017-06-21 22:10:34","2017-06-21 22:10:34",1,1
411,0,1,319,"testrepo_3_1498083045",NULL,NULL,NULL,NULL,NULL,236,NULL,"testrepo_3_1498083045",1,"admin","admin","2017-06-21 22:10:45","2017-06-21 22:10:45","2017-06-21 22:10:45",1,1
412,0,1,320,"search_test_1498083045",NULL,NULL,NULL,NULL,NULL,236,NULL,"search_test_1498083045",1,"admin","admin","2017-06-21 22:10:45","2017-06-21 22:10:45","2017-06-21 22:10:45",1,1
413,0,1,321,"adv_search_test_1498083045",NULL,NULL,NULL,NULL,NULL,236,NULL,"adv_search_test_1498083045",1,"admin","admin","2017-06-21 22:10:45","2017-06-21 22:10:45","2017-06-21 22:10:45",1,1
414,0,1,322,"space_calculator_1498083045",NULL,NULL,NULL,NULL,NULL,236,NULL,"space_calculator_1498083045",1,"admin","admin","2017-06-21 22:10:45","2017-06-21 22:10:45","2017-06-21 22:10:45",1,1
415,0,1,323,"testrepo_4_1498083058",NULL,NULL,NULL,NULL,NULL,236,NULL,"testrepo_4_1498083058",1,"admin","admin","2017-06-21 22:10:58","2017-06-21 22:10:58","2017-06-21 22:10:58",1,1
416,0,1,324,"testrepo_5_1498083782",NULL,NULL,NULL,NULL,NULL,236,NULL,"testrepo_5_1498083782",1,"admin","admin","2017-06-21 22:23:02","2017-06-21 22:23:02","2017-06-21 22:23:02",1,1
417,0,1,325,"trees_test_1498083839",NULL,NULL,NULL,NULL,NULL,236,NULL,"trees_test_1498083839",1,"admin","admin","2017-06-21 22:23:59","2017-06-21 22:23:59","2017-06-21 22:23:59",1,1
418,0,1,326,"user_pref_test_1498083852",NULL,NULL,NULL,NULL,NULL,236,NULL,"user_pref_test_1498083852",1,"admin","admin","2017-06-21 22:24:12","2017-06-21 22:24:12","2017-06-21 22:24:12",1,1
